Date|Media|Title|Lang|url|archive
09/29/2016|EA Daily|Saudi Arabia is ready to host Gülen|Russian|https://eadaily.com/ru/news/2016/09/29/sudovskaya-araviya-gotova-prinyat-gyulena|https://archive.is/5ZtGP
10/03/2016|AWD News|Saudi Arabia to host Turkish Gulen: Saudi ambassador to U.S.|English|http://awdnews.com:80/political/saudi-arabia-to-host-turkish-gulen-saudi-ambassador-to-u-s|https://web.archive.org/web/20161222131707/http://awdnews.com:80/political/saudi-arabia-to-host-turkish-gulen-saudi-ambassador-to-u-s
10/03/2016|Fars News|Saudi Envoy: Riyadh Ready to Host Turkish Opposition Leader Gulen|English|http://en.farsnews.com/newstext.aspx?nn=13950712001231|https://archive.is/jr0iP
10/03/2016|Kayhan|Riyadh Ready to Host Turkish Opposition Leader Gulen|English|http://kayhan.ir/en/news/31958|https://archive.is/leBfR
10/03/2016|Middle East Press|Saudi Arabia Ready To Host Turkish Gulen: Envoy|English|http://middleeastpress.com/english/saudi-arabia-ready-to-host-turkish-gulen-envoy/|https://archive.is/fhmf3
10/03/2016|Middle East Press|Saudi Mufti warns Bangladesh against continuing executions against Islamic leaders|Arabic|http://middleeastpress.com/arabic/%D8%A7%D9%84%D9%85%D9%81%D8%AA%D9%8A-%D8%A7%D9%84%D8%B3%D8%B9%D9%88%D8%AF%D9%8A-%D9%8A%D8%AD%D8%B0%D8%B1-%D8%A8%D9%86%D8%BA%D9%84%D8%A7%D8%AF%D9%8A%D8%B4-%D9%85%D9%86-%D9%85%D9%88%D8%A7%D8%B5%D9%84/|https://archive.is/TtTXN
10/04/2016|EngSach News|Saudi Arabia Ready To Host Turkish Gulen: Envoy|English|https://engsach.blogspot.it/2016/10/saudi-arabia-ready-to-host-turkish.html|https://archive.is/WWEVy
10/08/2016|AWD News|Saudi Mufti's warning the Government of Bangladesh about the continued execution of the Islamic leaders|English|http://awdnews.com/political/saudi-mufti-s-warning-the-government-of-bangladesh-about-the-continued-execution-of-the-islamic-leaders|https://webcache.googleusercontent.com/search?source=hp&q=cache%3Ahttp%3A%2F%2Fawdnews.com%2Fpolitical%2Fsaudi-mufti-s-warning-the-government-of-bangladesh-about-the-continued-execution-of-the-islamic-leaders&oq=cache%3Ahttp%3A%2F%2Fawdnews.com%2Fpolitical%2Fsaudi-mufti-s-warning-the-government-of-bangladesh-about-the-continued-execution-of-the-islamic-leaders&gs_l=psy-ab.3..0l10.2473.3507.0.4183.7.7.0.0.0.0.316.316.3-1.1.0.dummy_maps_web_fallback...0...1.1.64.psy-ab..6.1.315....0.h14kL2gDf6E
10/08/2016|Middle East Press|The Egyptian parliament is considering the withdrawal of its forces from Operation Hazem Al-Hazm|Arabic|http://middleeastpress.com/arabic/%D9%85%D8%AC%D9%84%D8%B3-%D8%A7%D9%84%D9%86%D9%88%D8%A7%D8%A8-%D8%A7%D9%84%D9%85%D8%B5%D8%B1%D9%8A-%D9%8A%D8%AF%D8%B1%D8%B3-%D9%85%D8%B4%D8%B1%D9%88%D8%B9-%D8%A7%D9%86%D8%B3%D8%AD%D8%A7%D8%A8-%D9%82/|https://archive.is/mbGs2
10/08/2016|Podaci Dana|Saudijski muftija upozorio Vladu u Bangladešu o nastavku smrtne kazne nad islamskim liderima|Bosnian|http://podacidana.com/saudijski-muftija-upozorio-vladu-u-bangladesu-o-nastavku-smrtne-kazne-nad-islamskim-liderima/|https://archive.is/BKEL0
10/09/2016|Podaci Dana|Saudi prince: Turkey needs Saudi Arabia to establish and maintain relations with Arab countries|Bosnian|http://podacidana.com/saudijski-princ-turskoj-je-potrebna-saudijska-arabija-za-uspostavu-i-ocuvanje-odnosa-sa-arapskim-zemljama/|https://archive.is/kgBIn
10/12/2016|AWD News|The Saudi Prince Sultan Bin Salman: Turkey needs Saudi Arabia to establish and maintain its relation with Arab countries|English|http://www.awdnews.com/political/the-saudi-prince-sultan-bin-salman-turkey-needs-saudi-arabia-to-establish-and-maintain-its-relation-with-arab-countries|https://archive.is/gZ8SF
10/13/2016|Real Nienovosti|Prince of Saudi Arabia Sultan bin Salman: "Saudi Arabia needs Turkey to establish and maintain relations with Arab states"|Russian|http://realnienovosti.com/goryachiye-novosti/1476359990.html|https://archive.is/PIHjU
10/17/2016|Lebanon Debate|The biggest US senator has a surprise .. Saudi Arabia killed Hariri|Arabic|http://www.lebanondebate.com/news/284935|https://archive.is/0YNfq
10/17/2016|Lebanon Today|The biggest American senator is making a surprise|Arabic|http://lebanon2day.com/%D8%A3%D9%83%D8%A8%D8%B1-%D8%B3%D9%8A%D9%86%D8%A7%D8%AA%D9%88%D8%B1-%D8%A3%D9%85%D9%8A%D8%B1%D9%83%D9%8A-%D9%8A%D9%81%D8%AC%D8%B1-%D9%85%D9%81%D8%A7%D8%AC%D8%A3%D8%A9-%D8%A7%D9%84%D8%B3%D8%B9%D9%88/|https://archive.is/vEyoL
10/17/2016|Middle East Press|Merkel: No country does not support Saudi Arabia without a bribe|Arabic|http://middleeastpress.com/blog/%D9%85%D8%B1%DA%A9%D9%84-%D9%87%DB%8C%DA%86-%DA%A9%D8%B4%D9%88%D8%B1%DB%8C-%D8%A8%D8%AF%D9%88%D9%86-%D8%AF%D8%B1%DB%8C%D8%A7%D9%81%D8%AA-%D8%B1%D8%B4%D9%88%D9%87-%D8%A7%D8%B2-%D8%B9%D8%B1%D8%A8%D8%B3/|https://archive.is/SaLAO
10/17/2016|Podaci Dana|The Egyptian Parliament intends to consider drafting a decision to withdraw from the operation "Asefeh Al-Hazm" and "Eadeh Al-Amal"|Bosnian|http://podacidana.com/egipatski-parlament-namjerava-razmatrati-nacrt-odluke-o-povlacenju-iz-operacije-asefeh-al-hazm-i-eadeh-al-amal/|https://archive.is/QJARv
10/18/2016|Alalam News|No One Supports, Defends Saudi Arabia without Taking Bribe: Angela Merkel|English|http://en.alalam.ir/news/1874208/No-One-Supports--Defends-Saudi-Arabia-without-Taking-Bribe--Angela-Merkel|https://archive.is/WcVPX
10/18/2016|Alathar News|US SENATOR: ISRAEL KILLED HARIRI WITH SAUDI HELP|Arabic|http://www.alatharnews.com/?p=1080|https://archive.is/smj5X
10/18/2016|Almasalah|It was Saudi Arabia that killed Hariri|Arabic|http://almasalah.com/ar/News/85495/%D8%A7%D9%84%D8%B3%D8%B9%D9%88%D8%AF%D9%8A%D8%A9-%D9%87%D9%8A-%D8%A7%D9%84%D8%AA%D9%8A-%D9%82%D8%AA%D9%84%D8%AA-%D8%A7%D9%84%D8%AD%D8%B1%D9%8A%D8%B1%D9%8A|https://archive.is/gAIxC
10/18/2016|Ansarollah|US senator: Israel killed Hariri with Saudi help|Arabic|http://www.ansarollah.com/archives/55983|https://archive.is/K1vXU
10/18/2016|Arya News|No One Supports, Defends Saudi Arabia without Taking Bribe: Angela Merkel|English|http://www.aryanews.com/NewsFeed/1886664/No-One-Supports-Defends-Saudi-Arabia-without-Taking-Bribe-Angela-Merkel|https://archive.is/y58jY
10/18/2016|AWD News|POLITICO published a news on Chuck Grassley’s new evidence in support of 9/11 bill|English|http://www.awdnews.com/political/politico-published-a-news-on-chuck-grassley%E2%80%99s-new-evidence-in-support-of-9-11-bill|https://webcache.googleusercontent.com/search?q=cache:http://awdnews.com/political/politico-published-a-news-on-chuck-grassley%25E2%2580%2599s-new-evidence-in-support-of-9-11-bill&num=1&strip=0&vwsrc=0
10/18/2016|AWD News|The survey of the retreat bill for “Asefeh Al-Hazm” and “Eadeh Al-Amal” operations by the Egypt House of Representatives|English|http://awdnews.com/political/the-survey-of-the-retreat-bill-for-%E2%80%9Casefeh-al-hazm%E2%80%9D-and-%E2%80%9Ceadeh-al-amal%E2%80%9D-operations-by-the-egypt-house-of-representatives|https://webcache.googleusercontent.com/search?source=hp&q=cache%3Ahttp%3A%2F%2Fawdnews.com%2Fpolitical%2Fthe-survey-of-the-retreat-bill-for-%25E2%2580%259Casefeh-al-hazm%25E2%2580%259D-and-%25E2%2580%259Ceadeh-al-amal%25E2%2580%259D-operations-by-the-egypt-house-of-representatives&oq=cache%3Ahttp%3A%2F%2Fawdnews.com%2Fpolitical%2Fthe-survey-of-the-retreat-bill-for-%25E2%2580%259Casefeh-al-hazm%25E2%2580%259D-and-%25E2%2580%259Ceadeh-al-amal%25E2%2580%259D-operations-by-the-egypt-house-of-representatives&gs_l=psy-ab.3...12422.13459.0.14050.7.7.0.0.0.0.304.304.3-1.1.0.dummy_maps_web_fallback...0...1.1.64.psy-ab..6.1.303...0.0.ZtrXtbgO4m0
10/18/2016|IFP News|New Evidence Shows Saudi Arabia and Israel Assassinated Rafic Hariri|English|http://ifpnews.com/news/world/middle-east/new-evidence-shows-saudi-arabia-israel-assassinated-rafic-hariri/|https://archive.is/K45ZT
10/18/2016|Instituto Manquehue|New evidence for condemning Saudi Arabia in favor of 9/11 bill|English|http://en.institutomanquehue.org/publications/news/evidence-for-condemning-saudi-arabia-in-favor-of-9-11-bill.html|https://archive.is/jAdL4
10/18/2016|Islam14|No One Supports, Defends Saudi Arabia without Taking Bribe: Angela Merkel|English|http://www.islam14.com/english/?p=35346|https://archive.is/sFUY5
10/18/2016|Knooz Media|US senator: Israel killed Hariri with Saudi help|Arabic|http://www.knoozmedia.com/163528/%D8%B3%D9%8A%D9%86%D8%A7%D8%AA%D9%88%D8%B1-%D8%A3%D9%85%D8%B1%D9%8A%D9%83%D9%8A-%D8%A5%D8%B3%D8%B1%D8%A7%D8%A6%D9%8A%D9%84-%D9%82%D8%AA%D9%84%D8%AA-%D8%A7%D9%84%D8%AD%D8%B1%D9%8A%D8%B1%D9%8A-%D8%A8/|https://archive.is/Ws1Cr
10/18/2016|RT|US senator: Israel killed Hariri with Saudi help|Arabic|https://arabic.rt.com/news/845743-%D8%B3%D9%8A%D9%86%D8%A7%D8%AA%D9%88%D8%B1-%D8%A3%D9%85%D9%8A%D8%B1%D9%83%D9%8A-%D9%8A%D9%81%D8%AC%D8%B1-%D9%85%D9%81%D8%A7%D8%AC%D8%A3%D8%A9-%D8%A7%D9%84%D8%B3%D8%B9%D9%88%D8%AF%D9%8A%D8%A9-%D9%82%D8%AA%D9%84%D8%AA-%D8%A7%D9%84%D8%AD%D8%B1%D9%8A%D8%B1%D9%8A/|https://archive.is/zZ4K1 
10/18/2016|Sahafaty|It was Saudi Arabia that killed Hariri|Arabic|http://sahafaty.net/news7580004.htm|https://archive.is/RPNSe
10/18/2016|the World Observer|POLITICO today published news on Chuck Grassly’s new evidence in support of 9/11 bill|English|http://theworldobserver.com.au/new/2016/10/18/politico-today-published-news-on-chuck-grassly-s-new-evidence-in-support-of-9-11-bill/|https://archive.is/IojPN
10/19/2016|Alghadeer |US senator confirms that "Israel" killed Hariri with Saudi help|Arabic|http://www.alghadeer.tv/news/detail/46261/|https://archive.is/nSWYP
10/19/2016|American Herald Tribune|No One Supports, Defends Saudi Arabia without Taking Bribe: German Chancellor Angela Merkel|English|https://ahtribune.com/world/europe/1277-saudi-angela-merkel.html|https://archive.is/sQafO
10/19/2016|Groupe Gaulliste Sceaux|New evidence for condemning Saudi Arabia in favor of 9/11 bill|English|https://groupegaullistesceaux.wordpress.com/2016/10/19/new-evidence-for-condemning-saudi-arabia-in-favor-of-911-bill/|https://archive.is/kHPEc
10/19/2016|Habilian|New evidence for condemning Saudi Arabia in favor of 9/11 bill|English|http://www.habilian.ir/en/201610193000/world/new-evidence-for-condemning-saudi-arabia-in-favor-of-9-11-bill.html|https://archive.is/jfJeC
10/19/2016|Hurseda Haber|Harry assassination from US Senator|Turkish|http://hurseda.net/hsh_panel/Dunya/174152-ABDli-Senatorden-Hariri-suikasti-iddiasi.html|https://archive.is/Bhj1D
10/19/2016|Podaci Dana|Angela Merkel: No one supports Saudi Arabia without receiving bribes|Bosnian|http://podacidana.com/angela-merkel-niko-ne-podrzava-saudijsku-arabiju-bez-dobijanja-mita/|https://archive.is/seH66
10/19/2016|Syria News Network|Sns: US senator: Israel killed Hariri with the help of Saudi Arabia .. And Lebanon to elect a new president|Arabic|http://www.sns.sy/home/view_news/96779|https://archive.is/V1OKs
10/20/2016|AWD News|Angela Merkel: No one supports Saudi Arabia for free|English|http://www.awdnews.com/political/angela-merkel-no-one-supports-saudi-arabia-for-free|https://archive.is/MOYJI
10/20/2016|AWD News|Robert O. Work asks Turkey not to interfere in Mosul Liberation|English|http://awdnews.com/political/robert-o-work-asks-turkey-not-to-interfere-in-mosul-liberation|http://web.archive.org/web/20161023042118/http://awdnews.com:80/political/robert-o-work-asks-turkey-not-to-interfere-in-mosul-liberation
10/20/2016|Instituto Manquehue|Angela Merkel: No One Supports Saudi Arabia For Free|English|https://en.institutomanquehue.org/publications/news/merkel-no-one-supports-saudi-arabia-free.html|https://archive.is/pY8OZ
10/20/2016|IUVM Press|Mosul liberation will win|Persian|http://iuvmpress.com/fa/745|https://archive.is/YwBlf
10/20/2016|Middle East Press|Angela Merkel: No One Supports Saudi Arabia For Free|English|http://middleeastpress.com/english/angela-merkel-no-one-supports-saudi-arabia-for-free/|https://archive.is/mQ9MU
10/20/2016|Podaci Dana|"Robert O. Work" warned Erdogan not to interfere with the operation "Mosul"|Bosnian|http://podacidana.com/robert-o-work-upozorio-erdogana-da-se-ne-mijesa-u-operaciju-mosul/|https://archive.is/mnkNz 
10/20/2016|The Iran Project|No one supports, defends Saudi Arabia without taking bribe: German chancellor Angela Merkel|English|http://theiranproject.com/blog/2016/10/20/no-one-supports-defends-saudi-arabia-without-taking-bribe-german-chancellor-angela-merkel/|https://archive.is/PlvC5
10/20/2016|Yemen Press|Robert O. Work asks Turkey not to interfere in Mosul Liberation|English|http://www.yemenpress.org/world/robert-o-work-asks-turkey-not-to-interfere-in-mosul-liberation.html|https://archive.is/gfSsj
10/21/2016|Alahed News|New Evidence Condemns Saudi Arabia, ’Israel’ for Hariri Assassination|English|https://english.alahednews.com.lb/essaydetails.php?eid=35395&cid=390|https://archive.is/Ekn7y
10/21/2016|Instituto Manquehue|Robert O. Work asks Turkey not to interfere in Mosul Liberation|English|http://en.institutomanquehue.org/publications/news/robert-asks-turkey-not-to-interfere-in-mosul-liberation.html|https://archive.is/JsoLJ
10/21/2016|Jew World Order|New Evidence Condemns Saudi Arabia, ’Israel’ for Hariri Assassination|English|http://www.jewworldorder.org/new-evidence-condemns-saudi-arabia-israel-for-hariri-assassination/|https://archive.is/WjaZm
10/21/2016|Respect Discussion blog|New Evidence Condemns Saudi Arabia, ’Israel’ for Hariri Assassination|English|https://respect-discussion.blogspot.gr/2016/10/new-evidence-condemns-saudi-arabia.html|https://archive.is/b7lqu
10/21/2016|Uproot Palestinians Blog|New Evidence Condemns Saudi Arabia, ’Israel’ for Hariri Assassination|English|https://uprootedpalestinians.blogspot.gr/2016/10/new-evidence-condemns-saudi-arabia.html|https://archive.is/NDomm
10/22/2016|Middle East Press|Saudi Arabia After Israeli Drone Deal’|English|http://middleeastpress.com/english/saudi-arabia-after-israeli-drone-deal/|https://archive.is/6BVaU
10/22/2016|Yemen Press|Saudi Arabia After Israeli Drone Deal’|English|http://www.yemenpress.org/middle-east/saudi-arabia-after-israeli-drone-deal.html|https://archive.is/9JUcZ
10/23/2016|Istaqlal|Merkel: No country does not support Saudi Arabia without a bribe|Persian|http://istaqlal.com/?p=17834|https://archive.is/JFeex
10/24/2016|IUVM Press|Egyptian Mufti Shoghi Ibrahim Alam: Wahhabism and ISIS are an obvious example of fabricated religions.|Persian|http://iuvmpress.com/fa/876|https://archive.is/iofaV
10/24/2016|Podaci Dana|Egyptian Mufti: Wahhabism and DAISH are clear examples of artificial religions|Bosnian|http://podacidana.com/egipatski-muftija-vehabizam-i-dais-su-jasni-primjeri-vjestackih-religija/|https://archive.is/756RC
10/25/2016|AWD News|Sultan bin Salman: Vision 2030 will put our country at the top of the ranking in the fields of tourism, trade and transportation in the region|English|http://www.awdnews.com/political/sultan-bin-salman-vision-2030-will-put-our-country-at-the-top-of-the-ranking-in-the-fields-of-tourism,-trade-and-transportation-in-the-region|https://archive.fo/fGJNr
10/25/2016|IUVM Press|Mufti of Egypt Shawki Ibrahim Allam: Wahhabi and ISIS are clear examples of false religions|English|http://iuvmpress.com/690|https://archive.is/K9yCm
10/25/2016|Karajrasa|Merkel: No one defends Saudi without a bribe|Persian|https://karajrasa.ir/%D9%85%D8%B1%DA%A9%D9%84-%D9%87%DB%8C%DA%86%DA%A9%D8%B3-%D8%A8%D8%AF%D9%88%D9%86-%D8%B1%D8%B4%D9%88%D9%87-%D8%A7%D8%B2-%D8%B3%D8%B9%D9%88%D8%AF%DB%8C-%D8%AF%D9%81%D8%A7%D8%B9-%D9%86%D9%85%DB%8C/|https://archive.is/M5WkY
10/25/2016|Podaci Dana|Sultan bin Salman presented perspectives for 2030|Bosnian|http://podacidana.com/sultan-bin-salman-perspektivni-programi-za-2030-ce-rezultirati-nase-prvo-mjesto-u-pogledu-turizma-trgovine-i-transporta/|https://archive.is/Urgzc
10/25/2016|Real Nienovosti|Angela Merkel: "No one supports Saudi Arabia for free"|Russian|http://realnienovosti.com/goryachiye-novosti/1477401728.html|https://archive.is/1yIG3
10/25/2016|Real Nienovosti|Consideration of the bill on withdrawal from the operations of "Asef Al-Hezm" and "Eadatol Al-Amal" by the House of Representatives of Egypt|Russian|http://realnienovosti.com/goryachiye-novosti/1477401126.html|https://archive.is/wCizY
10/27/2016|Al Momahedon|No Gulf state is allowed to establish any external relationship without the permission of Riyadh|Arabic|http://www.almomahedon.com/ar/2016/10/27/%D9%85%D9%85%D9%86%D9%88%D8%B9-%D9%84%D8%A7%D9%8A-%D8%AF%D9%88%D9%84%D8%A9-%D8%AE%D9%84%D9%8A%D8%AC%D9%8A%D8%A9-%D8%A7%D9%82%D8%A7%D9%85%D8%A9-%D8%A7%D9%8A-%D8%B9%D9%84%D8%A7%D9%82%D8%A9-%D8%AE%D8%A7/|https://archive.is/cNhVu
10/27/2016|AWD News|Saudi ambassador to the UAE: Any contact with Iran, Iraq, Syria, and Lebanon should be checked|English|http://awdnews.com/political/saudi-ambassador-to-the-uae-any-contact-with-iran,-iraq,-syria,-and-lebanon-should-be-checked|https://web.archive.org/web/20161028142634/http://awdnews.com/political/saudi-ambassador-to-the-uae-any-contact-with-iran,-iraq,-syria,-and-lebanon-should-be-checked
10/27/2016|Damadam|Merkel's controversial comment on Saudi Arabia!|Persian|https://damadam.ir/news/%D8%A7%D8%B8%D9%87%D8%A7%D8%B1%D9%86%D8%B8%D8%B1-%D8%AC%D9%86%D8%AC%D8%A7%D9%84%D9%8A-%D9%85%D8%B1%DA%A9%D9%84-%D8%AF%D8%B1%D8%A8%D8%A7%D8%B1%D9%87-%D8%B9%D8%B1%D8%A8%D8%B3%D8%AA%D8%A7%D9%86/3970914|https://archive.is/usvV7
10/27/2016|Instituto Manquehue Blog|Mufti of Egypt Shawki Ibrahim Allam: Wahhabi and ISIS are clear examples of false religions|English|https://manquehueins.blogspot.it/2016/10/mufti-of-egypt-shawki-ibrahim-allam.html|https://archive.is/PLpw7
10/27/2016|IUVM Press|Erdogan: US, the founder of ISIS|English|http://iuvmpress.com/699|https://archive.is/X6e7w
10/27/2016|IUVM Press|Any relationship with Iran, Iraq, Syria and Lebanon must be in harmony|Persian|http://iuvmpress.com/fa/930|https://archive.is/cJA8C
10/28/2016|Parti anti Sioniste|Saudi Arabia and Israel Killed Rafik Hariri.|English|http://www.partiantisioniste.com/en/news/saudi-arabia-and-israel-killed-rafik-hariri-en.html|https://archive.is/w1K2H
10/28/2016|Podaci Dana|Erdoğan: Amerika je formirala DAIŠ|Bosnian|http://podacidana.com/erdogan-amerika-je-formirala-dais/|https://archive.is/e5ymY
10/28/2016|Podaci Dana|Saudi Ambassador: Any relationship with Iran, Iraq, Syria and Lebanon should be under the supervision of the Riyadh Bay Cooperation Council|Bosnian|http://podacidana.com/saudijski-ambasador-bilo-kakav-odnos-sa-iranom-irakom-sirijom-i-libanom-treba-da-je-pod-nadzorom-vijeca-za-saradnju-zaliva-u-rijadu/|https://archive.is/mtX55
10/29/2016|Al Hramain|Saudi Ambassador to the UAE: No Gulf country is allowed to establish any external relationship without the permission of Riyadh !!|Arabic|http://www.alhramain.com/news/51125|https://archive.is/0SNVS
10/29/2016|Real Nienovosti|Egyptian mufti Shavky Ibrahim Allam: "Wahhabis and IGIL are vivid examples of false religions"|Russian|http://realnienovosti.com/goryachiye-novosti/1477740076.html|https://archive.is/uUbjf
10/29/2016|Whatsupic|POLITICO published a news on Chuck Grassley’s new evidence in support of 9/11 bill|English|http://whatsupic.com/news-politics-world/1477761646.html|https://archive.is/GWdqd
10/29/2016|Whatsupic|Robert O. Work asks Turkey not to interfere in Mosul Liberation|English|http://whatsupic.com/news-politics-world/1477762417.html|https://archive.is/OPW5V
11/01/2016|IUVM Press|Iraq’s readiness to accept 500’000 Egyptian workmen|English|http://iuvmpress.com/821|https://archive.is/ytl9t
11/01/2016|Yemen Press|Iraq’s readiness to accept 500’000 Egyptian workmen|English|http://www.yemenpress.org/middle-east/iraqs-readiness-to-accept-500000-egyptian-workmen.html|https://archive.is/5pjDG
11/02/2016|Podaci Dana|Al-Sisi sent congratulations to Miylo Aoun and Saad Hariri|Bosnian|http://podacidana.com/al-sisi-uputio-cestitke-miselu-aounu-i-saadu-haririju/|https://archive.is/PnLk9
11/03/2016|Instituto Manquehue|POLITICO publicó una noticia en nuevas pruebas de Chuck Grassley en apoyo del proyecto de ley 9/11|Spanish|http://institutomanquehue.org/contenidos/asuntos-internacionales/politico-public%C3%B3-una-noticia-en-nuevas-pruebas-de-chuck-grassley-en-apoyo-del-proyecto-de-ley-9-11.html|https://archive.is/kR4UV
11/03/2016|Middle East Press|Sisi congratulates Aoun and affirms Egypt's support for Lebanon|Arabic|http://middleeastpress.com/arabic/%D8%A7%D9%84%D8%B3%D9%8A%D8%B3%D9%8A-%D9%8A%D9%87%D9%86%D8%A6-%D8%B9%D9%88%D9%86-%D9%88%D9%8A%D8%A4%D9%83%D8%AF-%D8%AF%D8%B9%D9%85-%D9%85%D8%B5%D8%B1-%D9%84%D9%84%D8%A8%D9%86%D8%A7%D9%86/|https://archive.is/VDJpj
11/03/2016|Real Nienovosti|Saudi Ambassador to the UAE: "Any contacts of the GCC with Iran should be coordinated with the authorities of Riyadh"|Russian|http://realnienovosti.com/goryachiye-novosti/1478156199.html|https://archive.is/wtnk2
11/03/2016|Syrian Facts|Politico” magazine quotes about the largest US senator that Saudi Arabia killed Rafik Hariri”|English|https://syrianfacts.com/en/2016/11/03/%D9%85%D8%AC%D9%84%D8%A9-%D8%A8%D9%88%D9%84%D9%8A%D8%AA%D9%8A%D9%83%D9%88-%D8%AA%D9%86%D9%82%D9%84-%D8%B9%D9%86-%D8%A3%D9%83%D8%A8%D8%B1-%D8%B3%D9%8A%D9%86%D8%A7%D8%AA%D9%88%D8%B1-%D8%A3/|https://archive.is/lZGM3
11/04/2016|AWD News|Iraq’s readiness to accept 500’000 Egyptian workmen|English|http://www.awdnews.com:80/political/iraq’s-readiness-to-accept-500’000-egyptian-workmen|https://web.archive.org/web/20161108032746/http://www.awdnews.com:80/political/iraq%E2%80%99s-readiness-to-accept-500%E2%80%99000-egyptian-workmen
11/04/2016|Podaci Dana|Irak objavio spremnost za zapošljavanjem 500 hiljada egipatskih radnika|Bosnian|http://podacidana.com/irak-objavio-spremnost-za-zaposljavanjem-500-hiljada-egipatskih-radnika/|https://archive.is/PPEe0
11/07/2016|IUVM Press|Qatar ‘oiled German firm’s palm’ to pull out of tanks deal with Saudi Arabia|English|http://iuvmpress.com/974|https://archive.is/b2ETr
11/07/2016|IUVM Press|Wahhabism a deviated group, destroyer of Islamic world|English|http://iuvmpress.com/959|https://archive.is/aGTwI
11/07/2016|IUVM Press|Saudi Arabia becomes the spiritual father of Hidase Dam|English|https://iuvmpress.com/978|https://archive.is/pPPex
11/07/2016|IUVM Press|Emirati businessmen’s great betrayal|English|https://iuvmpress.com/983|https://archive.is/mzmoP
11/07/2016|Middle East Press|Wahhabism a deviated group, destroyer of Islamic world|English|http://middleeastpress.com/english/wahhabism-a-deviated-group-destroyer-of-islamic-world/|https://archive.is/OVt5M
11/09/2016|AWD News|Qatar ‘oiled German firm’s palm’ to pull out of tanks deal with Saudi Arabia|English|http://awdnews.com:80/political/qatar-‘oiled-german-firm’s-palm’-to-pull-out-of-tanks-deal-with-saudi-arabia|https://web.archive.org/web/20170225085432/http://awdnews.com:80/political/qatar-%E2%80%98oiled-german-firm%E2%80%99s-palm%E2%80%99-to-pull-out-of-tanks-deal-with-saudi-arabia
11/09/2016|IUVM Press|Saudi ambassador Awwad Bin Saleh Al-Awwad, has been in contact with Riaz Khan Ahmadzai|English|http://iuvmpress.com/1104|https://archive.is/zbqJg
11/09/2016|IUVM Press|Saudi dollars role in Jaber al-Bakr’s death|English|http://iuvmpress.com/1110|https://archive.is/ExdAm
11/12/2016|Middle East Press|Saudi Ambassador Al-Awwad, Has Been In Contact With Riaz Khan Ahmadzai|English|http://middleeastpress.com/english/saudi-ambassador-al-awwad-has-been-in-contact-with-riaz-khan-ahmadzai/|https://archive.is/BgKKE
11/14/2016|Whatsupic|Iraq’s readiness to accept 500’000 Egyptian workmen|English|http://whatsupic.com/news-politics-world/1479131837.html|https://archive.is/EqA9h
11/21/2016|Whatsupic|Qatar ‘oiled German firm’s palm’ to pull out of tanks deal with Saudi Arabia|English|http://whatsupic.com/news-politics-world/1479714428.html|https://archive.fo/DjLSs
12/11/2016|Instituto Manquehue|Knesset Speaker acknowledges Israel’s broad impact on Azerbaijan|English|http://en.institutomanquehue.org/publications/news/israel-broad-impact-on-azerbaijan.html|https://archive.is/xdaAg
12/11/2016|IUVM Press|Knesset Speaker acknowledges Israel’s broad impact on Azerbaijan|English|http://iuvmpress.com/2284|https://archive.is/Wph7D
12/12/2016|Civil Net|Israel will supply Azerbaijan with up-to-date equipment and advanced security systems|Armenian|https://www.civilnet.am/news/2016/12/12/%D4%BB%D5%BD%D6%80%D5%A1%D5%B5%D5%A5%D5%AC%D5%A8-%D4%B1%D5%A4%D6%80%D5%A2%D5%A5%D5%BB%D5%A1%D5%B6%D5%AB%D5%B6-%D5%A1%D6%80%D5%A4%D5%AB-%D5%BD%D5%A1%D6%80%D6%84%D5%A1%D5%BE%D5%B8%D6%80%D5%B8%D6%82%D5%B4%D5%B6%D5%A5%D6%80-%D6%87-%D5%A1%D5%B6%D5%BE%D5%BF%D5%A1%D5%B6%D5%A3%D5%B8%D6%82%D5%A9%D5%B5%D5%A1%D5%B6-%D5%B0%D5%A1%D5%B4%D5%A1%D5%AF%D5%A1%D6%80%D5%A3%D5%A5%D6%80-%D5%AF%D5%B4%D5%BF%D5%A1%D5%AF%D5%A1%D6%80%D5%A1%D6%80%D5%AB/305090|https://archive.is/ubwA2
12/12/2016|IUVM Press|Security agreement between Israel and Azerbaijan during Netanyahu travel to Baku|English|http://iuvmpress.com/2318|https://archive.is/r4q6y
12/12/2016|Whatsupic|Knesset Speaker acknowledges Israel’s broad impact on Azerbaijan|English|http://www.whatsupic.com/news-politics-world/1481571275.html|https://archive.is/cup91
12/13/2016|AWD News|Security agreement between Israel and Azerbaijan during Netanyahu travel to Baku|English|http://www.awdnews.com/political/security-agreement-between-israel-and-azerbaijan-during-netanyahu-travel-to-baku|https://archive.is/a47Q6
12/16/2016|Maydan TV|Israel will ensure stable transit of Azerbaijan|Azerbaijani|https://www.meydan.tv/az/site/politics/19880/|https://archive.is/JDq1C
12/22/2016|flnka|Netanyahu and Cohen Israel will provide a stable transaction for Azerbaijan|English|http://flnka.ru/digest/15531-netanyahu-and-cohen-israel-will-provide-a-stable-transaction-for-azerbaijan.html|https://archive.is/N8zBQ
01/04/2017|IUVM Press|Arabian Countries’ Dollars could not help us in war against Syria|English|http://iuvmpress.com/3015|https://archive.is/K7kD7
01/17/2017|IUVM Press|Lieberman: Israel will not ask permission to defend interests abroad|English|http://iuvmpress.com/3372|https://archive.is/PRDCG
01/17/2017|Middle East Press|Salman: Tiran and Sanafir are Saudis and will remain|Arabic|http://middleeastpress.com/arabic/%D8%B3%D9%84%D9%85%D8%A7%D9%86-%D8%AA%D9%8A%D8%B1%D8%A7%D9%86-%D9%88%D8%B5%D9%86%D8%A7%D9%81%D9%8A%D8%B1-%D8%B3%D8%B9%D9%88%D8%AF%DB%8C%D8%AA%D8%A7%D9%86-%D9%88%D8%B3%D8%AA%D8%A8%D9%82%D9%8A%D8%A7/|https://archive.is/p8dDq
01/17/2017|Whatsupic|Lieberman: Israel will not ask permission to defend interests abroad|English|http://whatsupic.com/news-politics-world/lieberman-israel-ask-permission.html|https://archive.is/SGTAp
01/18/2017|Observe Me|Lieberman: We killed Zouari and we have authority in Tunisia and we do not need permission from anyone to defend our interests abroad|Arabic|https://observerme.com/2017/01/18/%D9%84%D9%8A%D8%A8%D8%B1%D9%85%D8%A7%D9%86-%D9%82%D8%AA%D9%84%D9%86%D8%A7-%D8%A7%D9%84%D8%B2%D9%88%D8%A7%D8%B1%D9%8A-%D9%88-%D9%84%D8%AF%D9%8A%D9%86%D8%A7-%D8%B3%D9%84%D8%B7%D8%A9-%D9%81%D9%8A-%D8%AA/|https://archive.is/44lU6
01/26/2017|IUVM Press|Jordan is an appropriate alternative to Saudi Arabia in the Arab world|English|http://iuvmpress.com/3755|https://archive.is/X3Tv0
01/26/2017|Yemen Press|Jordan is an appropriate alternative to Saudi Arabia in the Arab world|English|http://www.yemenpress.org/world/jordan-is-an-appropriate-alternative-to-saudi-arabia-in-the-arab-world.html|https://archive.is/P9Oir
01/27/2017|IUVM Press|Putin’s comment on Jordan removed from Al Hashimiyyah News|English|http://iuvmpress.com/3769|https://archive.is/5XYJz
01/27/2017|Whatsupic|Putin’s comment on Jordan removed from Al Hashimiyyah News|English|http://www.whatsupic.com/news-politics-world/comment-hashimiyyah-news-jordan.html|https://archive.is/EZgfa
01/27/2017|Whatsupic|Putin: Jordan is an appropriate alternative to Saudi Arabia in the Arab world|English|http://whatsupic.com/news-politics-world/jordan-putin-alternative-arab.html|https://archive.is/HvM8x
01/30/2017|IUVM Press|UAE is in the Threshold of a Coup|English|http://iuvmpress.com/3871|https://archive.is/Mktv6
01/30/2017|Whatsupic|UAE is in the Threshold of a Coup|English|http://www.whatsupic.com/news-politics-world/coup-threshold-uae-in.html|https://archive.is/1FFB9
02/07/2017|IUVM Press|Sudan’s president, covers up the internal crisis of the country|English|http://iuvmpress.com/4247|https://archive.is/nnUw8
02/07/2017|Whatsupic|Sudan’s president, covers up the internal crisis of the country|English|http://www.whatsupic.com/news-politics-world/covers-up-internal-crisis.html|https://archive.is/6JkA9
02/08/2017|Al Hramain|Leaked document: Saudi Arabia incites Sudan to create an external crisis for Egypt|Arabic|http://www.alhramain.com/news/52409|https://archive.is/WBryz
02/08/2017|liberty Fighters|Sudan’s president, covers up the internal crisis of the country|English|http://www.libertyfighters.uk/uk/sudans-president-covers-up-the-internal-crisis-of-the-country/|https://archive.is/npUMf
02/08/2017|Middle East Press|Sudan President Covers Up The Country’s Internal Crisis|English|http://middleeastpress.com/english/sudan-president-covers-up-the-countrys-internal-crisis/sudan-president-covers-up-the-countrys-internal-crisis/|https://archive.is/5nWv6
02/08/2017|Yemeni Press|Saudi Arabia incites Sudan to develop foreign crisis|Arabic|https://yemenipress.net/archives/70351|https://archive.is/2Hal0
02/13/2017|IUVM Press|Qatar government has delegated the security responsibility of 2022 World Cup to G4S company|English|http://iuvmpress.com/4550|https://archive.is/zlUAy
02/14/2017|AWD News|Qatar government has delegated the security responsibility of 2022 World Cup to G4S company|English|http://www.awdnews.com/top-news/qatar-government-has-delegated-the-security-responsibility-of-2022-world-cup-to-g4s-company|https://web.archive.org/web/20170214115416/http://www.awdnews.com/top-news/qatar-government-has-delegated-the-security-responsibility-of-2022-world-cup-to-g4s-company
02/14/2017|Liberty Fighters|Qatar government has delegated the security responsibility of 2022 World Cup to G4S company|English|http://www.libertyfighters.uk/uk/qatar-government-has-delegated-the-security-responsibility-of-2022-world-cup-to-g4s-company/|https://archive.is/WisPO
02/14/2017|Whatsupic|Qatar government has delegated the security responsibility of 2022 World Cup to G4S company|English|http://whatsupic.com/news-politics-world/delegated-government-2022-responsibility.html|https://archive.is/dhL5g
02/15/2017|AWD News|Le gouvernement du Qatar a délégué la responsabilité de la sécurité de la Coupe du Monde 2022 à la compagnie G4S|French|http://fr.awdnews.com/soci%C3%A9t%C3%A9/le-gouvernement-du-qatar-a-d%C3%A9l%C3%A9gu%C3%A9-la-responsabilit%C3%A9-de-la-s%C3%A9curit%C3%A9-de-la-coupe-du-monde-2022-%C3%A0-la-compagnie-g4s|https://webcache.googleusercontent.com/search?q=cache:ghXxBAjO50EJ:fr.awdnews.com/soci%25C3%25A9t%25C3%25A9/le-gouvernement-du-qatar-a-d%25C3%25A9l%25C3%25A9gu%25C3%25A9-la-responsabilit%25C3%25A9-de-la-s%25C3%25A9curit%25C3%25A9-de-la-coupe-du-monde-2022-%25C3%25A0-la-compagnie-g4s+&cd=1&hl=en&ct=clnk&gl=ca&client=ubuntu
02/18/2017|IUVM Press|The Coup led to removal of UAE Chairman of Joint Chiefs of Staff|English|http://iuvmpress.com/4821|https://archive.is/0Syht
02/18/2017|Marrakehch Times Blog|The coup overthrows the chief of staff of the UAE armed forces|Arabic|https://marrakehchtimes.blogspot.it/2017/02/blog-post_95.html|https://archive.is/rRgLS
02/18/2017|Sahara Question|Ambassador of the Custodian of the Two Holy Mosques to Algeria considers the Polisario Front a "terrorist|Arabic|https://sahara-question.com/ar/%D8%A3%D8%AE%D8%A8%D8%A7%D8%B1/%D8%B3%D9%81%D9%8A%D8%B1-%D8%AE%D8%A7%D8%AF%D9%85-%D8%A7%D9%84%D8%AD%D8%B1%D9%85%D9%8A%D9%86-%D8%A7%D9%84%D8%B4%D8%B1%D9%8A%D9%81%D9%8A%D9%86-%D9%84%D8%AF%D9%89-%D8%A7%D9%84%D8%AC%D8%B2%D8%A7%D8%A6%D8%B1-%D9%8A%D8%B9%D8%AA%D8%A8%D8%B1-%D8%AC%D8%A8%D9%87%D8%A9-%D8%A7%D9%84%D8%A8%D9%88%D9%84%D9%8A%D8%B3%D8%A7%D8%B1%D9%8A%D9%88-%D8%AC%D9%85%D8%A7%D8%B9%D8%A9-%D8%A5%D8%B1%D9%87%D8%A7%D8%A8%D9%8A%D8%A9|https://archive.is/Bz3Xq
02/19/2017|4th Revolutiony War|UAE Chairman of Joint Chiefs of Staff arrested over coup charges|English|https://4threvolutionarywar.wordpress.com/2017/02/19/uae-chairman-of-joint-chiefs-of-staff-arrested-over-coup-charges-amn/|https://archive.is/Zeq74
02/19/2017|Al Hramain|The coup overthrows the chief of staff of the UAE armed forces|Arabic|http://www.alhramain.com/news/52529|https://archive.is/I9i5G
02/19/2017|Al Masdar News|UAE Chairman of Joint Chiefs of Staff arrested over coup charges|English|https://www.almasdarnews.com/article/uae-chairman-joint-chiefs-staff-arrested-coup-charges/|https://webcache.googleusercontent.com/search?q=cache%3Ahttps%3A%2F%2Fwww.almasdarnews.com%2Farticle%2Fuae-chairman-joint-chiefs-staff-arrested-coup-charges%2F&oq=cache%3Ahttps%3A%2F%2Fwww.almasdarnews.com%2Farticle%2Fuae-chairman-joint-chiefs-staff-arrested-coup-charges%2F&aqs=chrome..69i57j69i58.1079j0j7&client=ubuntu&sourceid=chrome&ie=UTF-8
02/19/2017|Instituto Manquehue|The Coup led to removal of UAE Chairman of Joint Chiefs of Staff|English|http://en.institutomanquehue.org/publications/news/the-coup-removal-uae-chairman-chiefs-of-staff.html|https://archive.is/KDaYm
02/20/2017|EA Daily|Joachim Gauck urged to close the US Air Force base - Ramstein airbase|Russian|https://eadaily.com/ru/news/2017/02/20/yoahim-gauk-prizval-zakryt-opornyy-punkt-vvs-ssha-avivabazu-ramshtayn|https://archive.is/HuXlI
02/20/2017|IUVM Press|Turkish riot police sent to Bahrain|English|http://iuvmpress.com/4920|https://archive.is/apc5V
02/20/2017|Observe Me|Turkish Foreign Ministry adviser: Turkey is preparing to send riot police to Bahrain|Arabic|https://observerme.com/2017/02/20/%D9%85%D8%B3%D8%AA%D8%B4%D8%A7%D8%B1-%D9%88%D8%B2%D8%A7%D8%B1%D8%A9-%D8%A7%D9%84%D8%AE%D8%A7%D8%B1%D8%AC%D9%8A%D8%A9-%D8%A7%D9%84%D8%AA%D8%B1%D9%83%D9%8A%D8%A9-%D8%AA%D8%B1%D9%83%D9%8A%D8%A7-%D8%AA/|https://archive.fo/bS4YB
02/20/2017|Yemen Press|Turkish riot police sent to Bahrain|English|http://www.yemenpress.org/middle-east/turkish-riot-police-send-to-bahrain.html|https://archive.is/ezQ8H
02/21/2017|IUVM Press|US strives for its own interests in the name of fighting terrorism|English|http://iuvmpress.com/4998|https://archive.is/Seiw0
02/21/2017|Whatsupic|Turkish riot police sent to Bahrain|English|http://whatsupic.com/news-politics-world/riot-police-sent-bahrain.html|https://archive.is/srbl4
02/22/2017|Instituto Manquehue|US strives for its own interests in the name of fighting terrorism|English|https://en.institutomanquehue.org/publications/news/us-strives-for-in-name-of-fighting-terrorism.html|https://archive.is/ZPEGd
02/22/2017|Middle East Press|US Strives For Its Own Interests In The Name Of Fighting Terrorism|English|http://middleeastpress.com/english/us-strives-for-its-own-interests-in-the-name-of-fighting-terrorism/|https://archive.is/qOnaC
02/22/2017|Walak News|Turkish Foreign Ministry Adviser: Turkey is preparing to send riot police to Bahrain|Arabic|https://wakalanews.com/%D9%85%D8%B3%D8%AA%D8%B4%D8%A7%D8%B1-%D9%88%D8%B2%D8%A7%D8%B1%D8%A9-%D8%A7%D9%84%D8%AE%D8%A7%D8%B1%D8%AC%D9%8A%D8%A9-%D8%A7%D9%84%D8%AA%D8%B1%D9%83%D9%8A%D8%A9-%D8%AA%D8%B1%D9%83%D9%8A%D8%A7-%D8%AA/|https://archive.fo/Ks9Cd
02/23/2017|IUVM Press|Emmanuel Macron, candidat préféré de l’Arabie Saoudite à l’élection présidentielle|English|http://iuvmpress.com/fr/3680|https://archive.fo/IscGJ 
02/25/2017|Afghan News Agency|Joachim Gauck: US strives for its own interests in the name of fighting terrorism|English|http://www.afghannewsagency.com/en/news/166459/1395-12-7/2017-02-25/Joachim-GauckUS-strives-for-its-own-interests-in-the-name-of-fighting-terrorism|https://archive.is/eJDUh
02/25/2017|AWD News|Emmanuel Macron, candidat préféré de l’Arabie Saoudite à l’élection présidentielle|French|http://www.fr.awdnews.com/soci%C3%A9t%C3%A9/emmanuel-macron,-candidat-pr%C3%A9f%C3%A9r%C3%A9-de-l%E2%80%99arabie-saoudite-%C3%A0-l%E2%80%99%C3%A9lection-pr%C3%A9sidentielle|https://archive.fo/7MN1J 
02/27/2017|Almasdar News|Merkel: systematizing ISIS and supporting right-wing parties, “a pair of scissors for tearing EU apart”|English|https://www.almasdarnews.com/article/merkel-systematizing-isis-supporting-right-wing-parties-pair-scissors-tearing-eu-apart/|https://archive.is/4Iglu
02/27/2017|AWD News|Turkish riot police sent to crackdown Bahrain revolutionaries|English|http://www.awdnews.com/top-news/turkish-riot-police-sent-to-crackdown-bahrain-revolutionaries|https://archive.is/8jS4x
02/27/2017|Instituto Manquehue|Merkel expresses her concerns over the future of EU|English|https://en.institutomanquehue.org/publications/news/merkel-expresses-concerns-future-eu.html|https://archive.is/V4fbA
02/27/2017|Samidon Press|On the sidelines of the Munich Security Conference: German Chancellor expresses her concern about the future of the European Union|Arabic|https://samidon-sy.com/?p=119184|https://archive.is/5schP
02/27/2017|Whatsupic|Merkel expresses her concerns over the future of EU|English|http://www.whatsupic.com/news-politics-world/merkel-concern-over-future.html|https://archive.is/TYVac
03/08/2017|EA Daily|John Kerry: Trump actually gave the entire Middle East to the Russian army|Russian|https://eadaily.com/ru/news/2017/03/08/dzhon-kerri-tramp-fakticheski-otdal-ves-blizhniy-vostok-rossiyskoy-armii|https://archive.is/fkILj
03/08/2017|News2 RU|John Kerry: Trump actually gave the entire Middle East of the Russian Army|Russian|https://news2.ru/story/516127/|https://archive.is/Hl6gp
03/08/2017|Rambler News|Kerry: Trump gave the Russian army the honor of defeating the IG at the lowest price Next:|Russian|https://news.rambler.ru/world/36277644-kerri-tramp-otdal-armii-rossii-chest-pobedit-ig-po-minimalnoy-tsene/|https://archive.is/sI4DB
03/11/2017|IUVM Press|Trump made mistake in assigning CIA Mideast responsibility|English|http://iuvmpress.com/5788|https://archive.is/8BMl4
03/11/2017|IUVM Press|Trump cometió un error al asignar a la CIA la responsabilidad de Medio Oriente|Spanish|http://iuvmpress.com/sp/4664|https://archive.is/xWnG4
03/11/2017|Whatsupic|Kerry: Trump made mistake in assigning CIA Mideast responsibility|English|http://whatsupic.com/news-politics-usa/mideast-responsibility-cia-kerry.html|https://archive.is/qvgOA
03/11/2017|Yemen Press|Kerry: Trump made mistake in assigning CIA Mideast responsibility|English|http://www.yemenpress.org/world/kerry-trump-made-mistake-in-assigning-cia-mideast-responsibility.html|https://archive.is/GKD7H
03/12/2017|IUVM Press|Giving CIA Medal of Honor to Saudi Crown|English|http://iuvmpress.com/5860|https://archive.is/eLip5
03/12/2017|Les Observateurs|Emmanuel Macron, candidat préféré de l’Arabie Saoudite à l’élection présidentielle|French|http://lesobservateurs.ch/2017/03/12/emmanuel-macron-candidat-prefere-de-larabie-saoudite-a-lelection-presidentielle-2/|https://archive.is/wVEAp
03/12/2017|Whatsupic|CIA's Supports Mohammad bin Naif Against his Nephew|English|http://whatsupic.com/news-politics-world/medal-clever-move-naif.html|https://archive.is/NzOkn
03/13/2017|AWD News|L’erreur stratégique de Trump dans l’attribution du Moyen-Orient à la CIA|French|http://www.fr.awdnews.com:80/société/l’erreur-stratégique-de-trump-dans-l’attribution-du-moyen-orient-à-la-cia|https://web.archive.org/web/20170315093954/http://www.fr.awdnews.com:80/soci%C3%A9t%C3%A9/l%E2%80%99erreur-strat%C3%A9gique-de-trump-dans-l%E2%80%99attribution-du-moyen-orient-%C3%A0-la-cia
03/13/2017|AWD News|Trump cometió un error al asignar a la CIA la responsabilidad de Medio Oriente|Spanish|http://www.es.awdnews.com/sociedad/trump-cometi%C3%B3-un-error-al-asignar-a-la-cia-la-responsabilidad-de-medio-oriente|https://archive.is/Iev0n
03/19/2017|IUVM Press|Europe fears of Erdogan’s anger|English|https://iuvmpress.com/6346|https://archive.is/xMYda
03/19/2017|Whatsupic|Europe fears of Erdogan’s anger|English|http://whatsupic.com/news-politics-world/fears-erdogan-anger-europe.html|https://archive.is/P7FxF
03/19/2017|Yemen Press|Europe fears of Erdogan’s anger|English|http://www.yemenpress.org/world/europe-fears-of-erdogans-anger.html|https://archive.fo/ex5FB
03/21/2017|Islamic WNA|کمک مالی سرکنسول امارات در اربیل عراق به رهبران داعش|Arabic|http://islamicwna.com/fa/news/86679/1395-12-21/2017-03-11/%DA%A9%D9%85%DA%A9-%D9%85%D8%A7%D9%84%DB%8C-%D8%B3%D8%B1%DA%A9%D9%86%D8%B3%D9%88%D9%84-%D8%A7%D9%85%D8%A7%D8%B1%D8%A7%D8%AA-%D8%AF%D8%B1-%D8%A7%D8%B1%D8%A8%DB%8C%D9%84-%D8%B9%D8%B1%D8%A7%D9%82-%D8%A8%D9%87-%D8%B1%D9%87%D8%A8%D8%B1%D8%A7%D9%86-%D8%AF%D8%A7%D8%B9%D8%B4|https://archive.is/uvrF3
03/23/2017|Instituto Manquehue|Europe fears of Erdogan’s anger|English|https://en.institutomanquehue.org/publications/news/europe-fears-of-erdogan-anger.html|https://archive.is/VkYA8
03/26/2017|AWD News|Tzachi Hanegbi says Netanyahu successful in securing Israel; pitting Arab and Sunni countries against Iran, Hezbollah, and Palestinian resistance|English|http://awdnews.com/top-news/tzachi-hanegbi-says-netanyahu-successful-in-securing-israel-pitting-arab-and-sunni-countries-against-iran,-hezbollah,-and-palestinian-resistance|
03/26/2017|Instituto Manquehue|Tzachi Hanegbi says Netanyahu successful in securing Israel; pitting Arab and Sunni countries against Iran, Hezbollah, and Palestinian resistance|English|http://en.institutomanquehue.org/publications/news/tzachi-israel-pitting-arab-iran-hezbollah-resistance.html|https://archive.is/Ohohl
03/26/2017|Instituto Manquehue Blog|Tzachi Hanegbi says Netanyahu successful in securing Israel; pitting Arab and Sunni countries against Iran, Hezbollah, and Palestinian resistance|English|https://manquehueins.blogspot.gr/2017/03/tzachi-hanegbi-says-netanyahu.html|https://archive.is/y4FYV
03/26/2017|IUVM Press|Tzachi Hanegbi says Netanyahu successful in securing Israel; pitting Arab and Sunni countries against Iran, Hezbollah, and Palestinian resistance|English|http://iuvmpress.com/6720|https://archive.is/Z3otk
03/26/2017|Whatsupic|Tzachi Hanegbi says Netanyahu successful in securing Israel; pitting Arab and Sunni countries against Iran, Hezbollah, and Palestinian resistance|English|http://www.whatsupic.com/news-politics-world/sunni-pitting-israel-says.html|https://archive.is/BsI4F
04/06/2017|IUVM Press|Theresa May's trip to the KSA is politically motivated in accordance with the interests of the Arab regimes|Russian|http://iuvmpress.com/ru/5139|https://archive.fo/KBjBO
04/06/2017|Middle East Press|Theresa May’s Trip To KSA Politically Motivated In Line With Arab Regimes’ Interests|English|http://middleeastpress.com/english/theresa-mays-trip-to-ksa-politically-motivated-in-line-with-arab-regimes-interests/|https://archive.is/13Bcl
04/06/2017|Yemen Press|Theresa May’s trip to KSA politically motivated, in line with Arab regimes’ interests|English|http://www.yemenpress.org/world/theresa-mays-trip-to-ksa-politically-motivated-in-line-with-arab-regimes-interests.html|https://archive.is/UAIQL
04/07/2017|AWD News|Clegg: Theresa May’s trip to KSA politically motivated, in line with Arab regimes’ interests|English|http://www.awdnews.com/top-news/clegg-theresa-may’s-trip-to-ksa-politically-motivated,-in-line-with-arab-regimes’-interests|https://web.archive.org/web/20170415020408/http://www.awdnews.com/top-news/clegg-theresa-may%E2%80%99s-trip-to-ksa-politically-motivated,-in-line-with-arab-regimes%E2%80%99-interests
04/07/2017|Black House|May’s trip to KSA politically motivated, in line with Arab regimes’ interests|English|http://blackhouse.info/mays-trip-to-ksa-politically-motivated-in-line-with-arab-regimes-interests|https://archive.is/lzrla
04/12/2017|Pravosudija|The main purpose of Teresa Mei's visit to Saudi Arabia|Russian|http://pravosudija.net/article/glavnaya-cel-vizita-terezy-mey-v-saudovskuyu-araviyu|https://archive.is/rZEF3
04/17/2017|IUVM Press|EU prepares itself for a new dictatorship of Turkey|English|http://iuvmpress.com/7839|https://archive.is/XyFsR
04/17/2017|Pravosudija|Valentina Matvienko's visit to the KSA|Russian|http://pravosudija.net/article/vizit-valentiny-matvienko-v-ksa|https://archive.is/8qhA2
04/18/2017|AWD News|Merkel’s Spokesman: EU prepares itself for a new dictatorship of Turkey|English|http://www.awdnews.com/top-news/merkel%E2%80%99s-spokesman-eu-prepares-itself-for-a-new-dictatorship-of-turkey|https://archive.is/wSF2O
04/18/2017|IUVM Press|Qatari ambassador to Iraq’s statement on Saudi Royal Court advisor’s visit|English|http://iuvmpress.com/7896|https://archive.is/9mpYn
04/19/2017|Islamic News Agency|Filipino nationals oppressed by Saudis, no support from their country|English|http://www.islamnewsagency.com/2017/04/19/filipino-nationals-oppressed-by-saudis-no-support-from-their-country/|https://archive.is/R0RRW
04/19/2017|IUVM Press|Filipino nationals oppressed by Saudis, no support from their country|English|http://iuvmpress.com/7917|https://archive.is/WueY4
04/19/2017|True Inform|The BBC and Al Jazeera are the producers of ISIS video clips|Russian|https://trueinform.ru/modules.php?name=Laid&sid=11116|https://archive.is/NFYyr
04/19/2017|Yemen Press|Qatari ambassador to Iraq’s statement on Saudi Royal Court advisor’s visit|English|http://www.yemenpress.org/middle-east/qatari-ambassador-to-iraqs-statement-on-saudi-royal-court-advisors-visit.html|https://archive.is/CYvNx
04/21/2017|IUVM Press|BBC and Al Jazeera producers of ISIS movie clips|English|http://iuvmpress.com/8034|https://archive.is/uBlhB
04/21/2017|Whatsupic|BBC and Al Jazeera producers of ISIS movie clips|English|http://www.whatsupic.com/news-politics-world/movie-clip-isis-bbc.html|https://archive.is/JcBrj
04/22/2017|Yemen Press|Filipino nationals oppressed by Saudis, no support from their country|English|http://www.yemenpress.org/world/filipino-nationals-oppressed-by-saudis-no-support-from-their-country.html|https://archive.is/QegUU
04/23/2017|Yemen Press|BBC and Al Jazeera producers of ISIS movie clips|English|http://www.yemenpress.org/world/bbc-and-al-jazeera-producers-of-isis-movie-clips.html|https://archive.is/0NmPt
04/23/2017|Yemen Press|Trump adopts ISIS, Francois Hollande|English|http://www.yemenpress.org/world/trump-adopts-isis,-francois-hollande.html|https://archive.is/AG342
04/24/2017|Instituto Manquehue|Trump adopts ISIS, Francois Hollande|English|http://en.institutomanquehue.org/publications/news/trump-adopts-isi-francois-hollande.html|https://archive.is/immKx
04/24/2017|Instituto Manquehue Blog|Trump adopts ISIS, Francois Hollande|English|https://manquehueins.blogspot.it/2017/04/trump-adopts-isis-francois-hollande.html|https://archive.is/lulMC
05/01/2017|Infoajour|The Qatari ambassador in Jordan describes the Jordanian monarch as weak in running the country|Arabic|https://info-ajour.blogspot.com/2017/05/blog-post_660.html|https://archive.is/ldBUu
05/01/2017|Infoajour|Abbas promises to disarm Palestinian factions by the end of 2018|Arabic|https://info-ajour.blogspot.com/2017/05/2018.html|https://archive.is/GMz1J
05/01/2017|Infoajour|Abdul Khaleq Abdullah: His Highness Sheikh Mohammed Bin Zayed has sold the UAE to the United States of America with his signature|Arabic|https://info-ajour.blogspot.com/2017/05/blog-post_122.html|https://archive.is/mTfEi
05/01/2017|IUVM Press|Qatari Ambassador to Jordan describes Jordan’s King incapable of running a country|English|http://iuvmpress.com/8554|https://archive.is/NWQgf
05/03/2017|Rasid|Abdul Khaleq Abdullah: His Highness Sheikh Mohammed Bin Zayed has sold the UAE to the United States of America with his signature|Arabic|https://www.rasid.co/arabic/article-134753.html|https://archive.is/yFfQh
05/03/2017|Whatsupic|Qatari Ambassador to Jordan describes Jordan’s King incapable of running a country|English|http://whatsupic.com/news-politics-world/describes-jordan-king-incapable.html|https://archive.is/ySBLs
05/10/2017|Kyrgyz Today|"Mother of all bombs" conveyed the message of America to China, Russia and North Korea|Russian|http://kyrgyztoday.org/news_ru/mat-vseh-bomb-peredala-poslanie-ameriki-v-kitaj-rossiyu-i-severnuyu-koreyu/|https://archive.is/nyvlI
05/12/2017|Islamic WNA|Qatari ambassador to Jordan described the king of Jordan as incapable of running the country|Persian|http://islamicwna.com/fa/news/87680/1396-2-12/2017-05-02/%D8%B3%D9%81%DB%8C%D8%B1-%D9%82%D8%B7%D8%B1-%D8%AF%D8%B1-%D8%A7%D8%B1%D8%AF%D9%86-%D9%BE%D8%A7%D8%AF%D8%B4%D8%A7%D9%87-%D8%A7%D8%B1%D8%AF%D9%86-%D8%B1%D8%A7-%D9%86%D8%A7%D8%AA%D9%88%D8%A7%D9%86-%D8%AF%D8%B1-%D8%A7%D8%AF%D8%A7%D8%B1%D9%87-%DA%A9%D8%B4%D9%88%D8%B1-%D8%AA%D9%88%D8%B5%DB%8C%D9%81-%DA%A9%D8%B1%D8%AF|https://archive.is/MckoT
05/13/2017|IUVM Press|“Mother of All Bombs” carried America’s message for China, Russia and North Korea|English|http://iuvmpress.com/9091|https://archive.is/JmMyp
05/13/2017|Liberty Fighters|“Mother of All Bombs” carried America’s message for China, Russia and North Korea|English|http://www.libertyfighters.uk/uk/mother-of-all-bombs-carried-americas-message-for-china-russia-and-north-korea/|https://archive.is/pGG8R
05/14/2017|Whatsupic|“Mother of All Bombs” carried America’s message for China, Russia and North Korea|English|http://www.whatsupic.com/news-politics-usa/message-china,-russia-bomb.html|https://archive.is/in330
05/14/2017|Yemen Press|“Mother of All Bombs” carried America’s message for China, Russia and North Korea|English|http://www.yemenpress.org/world/mother-of-all-bombs-carried-americas-message-for-china-russia-and-north-korea.html|https://archive.is/FkCjg
05/17/2017|Whatsupic|Saudi-Israel joint contract before Trump’s visit|English|http://whatsupic.com/news-politics-usa/contract-trump-visit-saudi.html|https://archive.is/2ogaJ
05/18/2017|AWD News|Trump’s Travel is the first blow to Russia|English|http://www.awdnews.com/political/trump%E2%80%99s-travel-is-the-first-blow-to-russia|https://archive.is/JtSaC
05/18/2017|IUVM Press|Trump’s Travel is the first blow to Russia|English|http://iuvmpress.com/9376|https://archive.is/h3WOe
05/18/2017|IUVM Press|Uniting Saudi Arabia and Israel, Trump’s Trip main purpose|English|http://iuvmpress.com/9385|https://archive.is/G2h8G
05/18/2017|IUVM Press|Saudi-Israel joint contract before Trump’s visit|English|http://iuvmpress.com/9359|https://archive.is/5wfcO
05/18/2017|Liberty Fighters|Trump’s Travel is the first blow to Russia|English|http://www.libertyfighters.uk/uk/trumps-travel-is-the-first-blow-to-russia/|https://archive.is/fFTIu
05/18/2017|Liberty Fighters|Uniting Saudi Arabia and Israel, Trump’s Trip main purpose|English|http://www.libertyfighters.uk/uk/uniting-saudi-arabia-and-israel-trumps-trip-main-purpose/|https://archive.is/4AiwE
05/18/2017|Liberty Fighters|Saudi-Israel joint contract before Trump’s visit|English|http://www.libertyfighters.uk/uk/saudi-israel-joint-contract-before-trumps-visit/|https://archive.is/LoWVh
05/18/2017|Whatsupic|Trump’s Travel is the first blow to Russia|English|http://www.whatsupic.com/news-politics-usa/blow-trump-travel-russia.html|https://archive.is/o3QOJ
05/18/2017|Whatsupic|Uniting Saudi Arabia and Israel, Trump’s Trip main purpose|English|http://whatsupic.com/news-politics-usa/uniting-saudi-arabia-israel.html|https://archive.is/gmiID
05/19/2017|AWD News|Uniting Saudi Arabia and Israel, Trump’s Trip main purpose|English|http://www.awdnews.com/political/uniting-saudi-arabia-and-israel,-trump%E2%80%99s-trip-main-purpose|https://archive.is/taXVj
05/23/2017|IUVM Press|The disclosure of documents of Saudi Arabia’s support of ISIS and terrorism|English|http://iuvmpress.com/9632|https://archive.is/HrUEu
05/23/2017|Yemen Press|The disclosure of documents of Saudi Arabia’s support of ISIS and terrorism|English|http://www.yemenpress.org/middle-east/the-disclosure-of-documents-of-saudi-arabias-support-of-isis-and-terrorism.html|https://archive.is/XoyTf
05/30/2017|True Inform|Mohammed ElBaradei disclosed the plan to lease Egyptian territory in the Sinai Peninsula|Russian|https://trueinform.ru/modules.php?name=Laid&sid=13249|https://archive.is/InWmF
05/31/2017|Manber|Abbas promises to disarm Palestinian factions by the end of 2018|Arabic|https://manber.ch/ArticleShow.aspx=ID79850|https://archive.is/rzRJj
06/01/2017|Alyoam News|Abbas promises to disarm Palestinian factions by the end of 2018|Arabic|http://alyoamnews.com/?p=2038|https://archive.li/O8VXg
06/01/2017|Infoajour|Abdullah bin Zayed: Qatari policies do not agree with the policies of the Gulf states|Arabic|https://info-ajour.blogspot.com/2017/06/blog-post_45.html|https://archive.is/01mLw
06/01/2017|Infoajour|Michael Hayden, former CIA director: An inexperienced Saudi man should not be allowed to destabilize regional arrangements|Arabic|https://info-ajour.blogspot.com/2017/06/blog-post_78.html|https://archive.is/x0qB3
06/01/2017|Rasid|Abdullah bin Zayed: Qatari policies do not agree with the policies of the Gulf states|Arabic|https://www.rasid.co/arabic/article-162014.html|https://archive.is/15tCJ
06/03/2017|Hala News|Leaked document reveals a security agreement signed in Riyadh in|Arabic|http://www.halanews.com/2017/06/%D9%88%D8%AB%D9%8A%D9%82%D8%A9-%D9%85%D8%B3%D8%B1%D8%A8%D8%A9-%D8%AA%D9%83%D8%B4%D9%81-%D8%B9%D9%86-%D8%A7%D8%AA%D9%81%D8%A7%D9%82-%D8%A3%D9%85%D9%86%D9%8A-%D8%AC%D8%B1%D9%89-%D8%AA%D9%88%D9%82%D9%8A/|https://archive.is/jl351
06/03/2017|IUVM Press|Saudi Arabia cancelled the arms deal with Turkey because of Ankara and Doha coalition in support of terrorist groups|English|http://iuvmpress.com/10206|https://archive.is/NeUnz
06/04/2017|Yemen Press|Saudi Arabia cancelled the arms deal with Turkey because of Ankara and Doha coalition in support of terrorist groups|English|http://www.yemenpress.org/world/saudi-arabia-cancelled-the-arms-deal-with-turkey-because-of-ankara-and-doha-coalition-in-support-of-terrorist-groups.html|https://archive.is/FWhiI
06/08/2017|IUVM Press|Ex-jefe de la CIA Michael Hayden: los arreglos regionales no deben ser molestos por un joven inexperto saudita.|Spanish|http://iuvmpress.com/sp/6094|https://archive.is/lNdx5
06/08/2017|IUVM Press|The regional arrangements should not be upset by a young inexperienced Saudi.|English|http://iuvmpress.com/10415|https://archive.is/c9cob
06/09/2017|IUVM Press|Les arrangements régionaux ne devraient pas être bouleversés par un jeune homme saoudien inexpérimenté|French|http://iuvmpress.com/fr/5707|https://archive.is/9IuhK
06/10/2017|Annahar News|URGENT: Mohammed bin Zayed launches a full-scale war in the Gulf and demands Saudi Arabia to block Kuwait and Oman like Qatar|Arabic|https://www.annaharnews.net/%D8%B9%D8%A7%D8%AC%D9%84-%D8%B1%D8%B3%D9%85%D9%8A%D8%A7-%D9%85%D8%AD%D9%85%D8%AF-%D8%A8%D9%86-%D8%B2%D8%A7%D9%8A%D8%AF-%D9%8A%D9%81%D8%AC%D8%B1%D9%91-%D8%AD%D8%B1%D8%A8%D8%A7-%D8%B4%D8%A7%D9%85/|https://archive.is/C6LGA
06/10/2017|Rasid|Michael Hayden, former CIA director: An inexperienced Saudi man should not be allowed to destabilize regional arrangements|Arabic|https://www.rasid.co/arabic/article-169187.html|https://archive.is/xHHxH
06/10/2017|Rasid|Bin Zayed is threatening Kuwait and Oman to take firm measures|Arabic|https://www.rasid.co/arabic/article-169191.html|https://archive.is/3biXV
06/12/2017|Araweelo News|Ex-CIA chief Michael Hayden: the regional arrangements should not be upset by a young inexperienced Saudi.|English|http://www.araweelonews.com/ex-cia-chief-michael-hayden-the-regional-arrangements-should-not-be-upset-by-a-young-inexperienced-saudi/|https://archive.is/fYslU
06/12/2017|Whatsupic|No problem exists between Qatar and Saudi Arabia and inexperienced politicians are the main problem.|English|http://whatsupic.com/news-politics-world/politicians-are-the-main-problem.html|https://archive.is/PJsW6
06/14/2017|Yemen Extra|Former CIA Director Hayden calls to not let a young inexperienced to led Saudi|English|http://www.yemenextra.net/2017/06/14/former-cia-director-hayden-calls-to-not-let-a-young-inexperienced-to-led-saudi/|https://archive.is/HRl3n
06/18/2017|Yemen Press|No problem exists between Qatar and Saudi Arabia and inexperienced politicians are the main problem.|English|http://www.yemenpress.org/world/no-problem-exists-between-qatar-and-saudi-arabia-inexperienced-politicians-are-the-main-problem.html|https://archive.is/wdCOh
06/20/2017|Ariana News|CIA former criticism criticized for breaking Saudi Arabia's relationship with Qatar|Persian|https://ariananews.co/news-analysis/%D8%A7%D9%86%D8%AA%D9%82%D8%A7%D8%AF-%D9%85%D9%82%D8%A7%D9%85-%D8%B3%D8%A7%D8%A8%D9%82-%D8%B3%DB%8C%D8%A7-%D8%A7%D8%B2-%D9%82%D8%B7%D8%B9-%D8%B1%D8%A7%D8%A8%D8%B7%D9%87-%D8%B9%D8%B1%D8%A8%D8%B3%D8%AA.html/|https://archive.is/L1Z59
06/22/2017|Walak News|# King Salman: Tiran and Sanafir are Saudis and they will stay and it is better for the Sisi to resign|Arabic|https://wakalanews.com/%D8%A7%D9%84%D9%85%D9%84%D9%83-%D8%B3%D9%84%D9%85%D8%A7%D9%86-%D8%AA%D9%8A%D8%B1%D8%A7%D9%86-%D9%88%D8%B5%D9%86%D8%A7%D9%81%D9%8A%D8%B1-%D8%B3%D8%B9%D9%88%D8%AF%DB%8C%D8%AA%D8%A7%D9%86-%D9%88%D8%B3/|https://archive.is/Ms1Rd
06/26/2017|Black House|Mohamed bin Salman Succession; Beginning of Secularism in Saudi Arabia|English|http://blackhouse.info/prince-salman-succession-beginning-of-secularism-in-saudi-arabia|https://archive.is/gxWaM
06/26/2017|IUVM Press|Mohamed bin Salman Succession; Beginning of Secularism in Saudi Arabia|English|http://iuvmpress.com/11468|https://archive.is/zbmzD
06/26/2017|Whatsupic|Mohamed bin Salman Succession; Beginning of Secularism in Saudi Arabia|English|http://www.whatsupic.com/news-politics-world/secularism-in-saudi-arabia.html|https://archive.is/n9ijZ
07/09/2017|Syria Now News|former Saudi ambassador to Kabul: reducing the role of Pakistan in Saudi Arabia Afghan relations|Arabic|http://syrianownews.com/index.php?d=2&id=171060|https://archive.is/P2Ohy
07/10/2017|Alwaied News|Former Saudi ambassador to Kabul: Reducing Pakistan's role in Saudi and Afghan relations|Arabic|http://alwaienews.net/2017/07/10/%d8%a7%d9%84%d8%b3%d9%81%d9%8a%d8%b1-%d8%a7%d9%84%d8%b3%d8%b9%d9%88%d8%af%d9%8a-%d8%a7%d9%84%d8%b3%d8%a7%d8%a8%d9%82-%d9%84%d8%af%d9%89-%d9%83%d8%a7%d8%a8%d9%84-%d8%aa%d9%82%d9%84%d9%8a%d8%b5-%d8%af/|https://archive.is/rKRXf
07/10/2017|News Break|A coup plot against Mohammed bin Salman by Mohammed bin Nayef and some senior CIA officers|English|https://www.newsbreakapp.com/news/cia/a-coup-plot-against-mohammed-bin-salman-by-mohammed-bin-nayef-and-some-senior-cia-officers?id=084hlXoa&s=t.pzk|https://archive.is/VRZRc
07/10/2017|Nth News|A coup plot against Mohammed bin Salman by Mohammed bin Nayef and some senior CIA officers|English|http://en.nthnews.net/2017/07/10/a-coup-plot-against-mohammed-bin-salman-by-mohammed-bin-nayef-and-some-senior-cia-officers/|https://archive.is/05iUF
07/11/2017|IUVM|A coup plot against Mohammed bin Salman by Mohammed bin Nayef and some senior CIA officers|English|https://iuvmpress.com/12284|https://archive.is/MlyXk
07/11/2017|Syria Scope|A coup plot against Mohammed bin Salman by Mohammed bin Nayef and some senior CIA officers.|English|http://www.en.syria-scope.com/political-news/76472|https://archive.is/Yf2WW
07/11/2017|Whatsupic|A coup plot against Mohammed bin Salman by Mohammed bin Nayef and some senior CIA officers|English|http://whatsupic.com/news-politics-world/some-senior-cia-officers.html|https://archive.is/sNXlp
07/11/2017|Yemen Press|A coup plot against Mohammed bin Salman by Mohammed bin Nayef and some senior CIA officers|English|http://www.yemenpress.org/world/a-coup-plot-against-mohammed-bin-salman-by-mohammed-bin-nayef-and-some-senior-cia-officers.html|https://archive.is/5m8cS
07/12/2017|News News|A coup plot against Mohammed bin Salman by Mohammed bin Nayef and some senior CIA officers|English|http://newnewss.net/?p=7822|https://archive.is/7WI7x
07/13/2017|AWD News|A coup plot against Mohammed bin Salman by Mohammed bin Nayef and some senior CIA officers|English|http://www.awdnews.com/political/a-coup-plot-against-mohammed-bin-salman-by-mohammed-bin-nayef-and-some-senior-cia-officers|https://archive.is/r31o4
07/13/2017|Whatsupic|Saudi Arabia funds the US-Mexico border wall|English|http://whatsupic.com/news-politics-world/border-wall-funds-mexico.html|https://archive.is/FTz9l
07/14/2017|Abna24|Saudi Arabia funds the US-Mexico border wall|English|http://en.abna24.com/news/america/saudi-arabia-funds-the-us-mexico-border-wall_842244.html|https://archive.is/S0Yqn
07/14/2017|AWD News|Saudi Arabia funds the US-Mexico border wall|English|http://awdnews.com/political/saudi-arabia-funds-the-us-mexico-border-wall|https://web.archive.org/web/20170714154641/http://www.awdnews.com/political/saudi-arabia-funds-the-us-mexico-border-wall
07/14/2017|IUVM Press|Saudi Arabia funds the US-Mexico border wall|English|http://iuvmpress.com/12482|https://archive.is/WSToN
07/14/2017|liberty Fighters|Saudi Arabia funds the US-Mexico border wall|English|http://www.libertyfighters.uk/middle-east/saudi-arabia-funds-the-us-mexico-border-wall/|https://archive.is/03xrz
07/15/2017|Awhewar|Arab countries demand the withdrawal of the organization of the World Cup 2022 from Qatar|Arabic|http://www.ahewar.org/news/s.news.asp?nid=2743619|https://archive.is/DiyIe
07/15/2017|Black House|Saudi Arabia funds the US-Mexico border wall|English|http://blackhouse.info/saudi-arabia-funds-the-us-mexico-border-wall|https://archive.is/NuWiy
07/15/2017|CNI News|Saudi Arabia funds the US-Mexico border wall|English|http://www.cninews.tv/archives/22989|https://archive.is/lMhRO
07/15/2017|Global News|Report of Arab countries asking FIFA to strip Qatar of World Cup fake: Swiss news site|English|https://globalnews.ca/news/3601764/saudi-arabia-qatar-world-cup/|https://archive.is/x3iAd
07/15/2017|IUVM Press|Some Arab nations calls FIFA to replace Qatar as 2022 world cup host|English|http://iuvmpress.com/12597|https://archive.is/ti9th
07/15/2017|Lenta|Arab countries demanded to deprive Qatar FM-2022|Russian|https://lenta.ru/news/2017/07/15/qatar/|https://archive.is/HLKdU
07/15/2017|Reuters|Boycott nations demand FIFA strips Qatar of 2022 World Cup: report|English|https://af.reuters.com/article/sportsNews/idAFKBN1A1070-OZASP|https://archive.fo/f5RiA
07/16/2017|Haaretz|Qatar Crisis: Boycotting Arab States Ask FIFA to Stop Doha's 2022 World Cup Over 'Terrorism'|English|https://www.haaretz.com/middle-east-news/1.801494|https://archive.is/I6qlO
07/16/2017|Jerusalem Post|REPORT: ARAB COUNTRIES URGE FIFA TO DROP QATAR AS 2022 WORLD CUP HOST|English|http://www.jpost.com/Middle-East/Report-Arab-countries-urge-FIFA-to-drop-Qatar-as-2022-World-Cup-host-499835|https://archive.is/nM7ls
07/19/2017|IUVM Press|Avigdor Lieberman: Masoud Barzani met with Israeli authorities during his Jordan visit|English|https://iuvmpress.com/12927|https://archive.is/jYxHM
07/19/2017|IUVM Press|The secret meeting of the Barzani and the Israeli official regarding the referendum of the Kurdistan Region|Urdu|http://iuvmpress.com/ur/10029|https://archive.is/55r1j
07/19/2017|Liberty Fighters|Avigdor Lieberman: Masoud Barzani met with Israeli authorities during his Jordan visit|English|http://www.libertyfighters.uk/uk/avigdor-lieberman-masoud-barzani-met-with-israeli-authorities-during-his-jordan-visit/|https://archive.is/zVbWx
07/19/2017|Samidon Press|Avigdor Lieberman: Masoud Barzani met with Israeli authorities during his Jordan visit|English|http://samidon-sy.com/?p=156793|https://archive.is/8tu63
07/19/2017|Yemen Press|Avigdor Lieberman: Masoud Barzani met with Israeli authorities during his Jordan visit|English|http://www.yemenpress.org/world/avigdor-lieberman-masoud-barzani-met-with-israeli-authorities-during-his-jordan-visit.html|https://archive.is/rhaMD
07/20/2017|Ariana News|An impending coup against the New Testament of Saudi Arabia|Persian|https://ariananews.co/foreign/%DA%A9%D9%88%D8%AF%D8%AA%D8%A7%DB%8C-%D9%82%D8%B1%DB%8C%D8%A8-%D8%A7%D9%84%D9%88%D9%82%D9%88%D8%B9-%D8%B9%D9%84%DB%8C%D9%87-%D9%88%D9%84%DB%8C-%D8%B9%D9%87%D8%AF-%D8%AC%D8%AF%DB%8C%D8%AF-%D8%B9%D8%B1.html/|https://archive.is/AgPGZ
07/22/2017|AWD News|Avigdor Lieberman: Massoud Barzani a rencontré les autorités israéliennes lors de sa visite en Jordanie|French|http://www.fr.awdnews.com/soci%C3%A9t%C3%A9/avigdor-lieberman-massoud-barzani-a-rencontr%C3%A9-les-autorit%C3%A9s-isra%C3%A9liennes-lors-de-sa-visite-en-jordanie|https://archive.is/o95h9
07/22/2017|IUVM Press|Avigdor Lieberman: Massoud Barzani a rencontré les autorités israéliennes lors de sa visite en Jordanie|French|http://iuvmpress.com/fr/6748|https://archive.is/HuMCE
07/22/2017|Walak News|Lieberman: We killed Zouari and we have authority in Tunisia and we do not need permission from anyone to defend our interests abroad|Arabic|https://wakalanews.com/%D9%84%D9%8A%D8%A8%D8%B1%D9%85%D8%A7%D9%86-%D9%82%D8%AA%D9%84%D9%86%D8%A7-%D8%A7%D9%84%D8%B2%D9%88%D8%A7%D8%B1%D9%8A-%D9%88-%D9%84%D8%AF%D9%8A%D9%86%D8%A7-%D8%B3%D9%84%D8%B7%D8%A9-%D9%81%D9%8A/|https://archive.is/1u902
07/24/2017|Rasid|Saudi Arabia contributes to financing the wall of Mexico|Arabic|https://www.rasid.co/arabic/article-203255.html|https://archive.is/0rkx3
07/24/2017|Whatsupic|Avigdor Lieberman: Masoud Barzani met with Israeli authorities during his Jordan visit|English|http://www.whatsupic.com/news-politics-world/authorities-during-jordan-visit.html|https://archive.is/8Wtr8
07/25/2017|247 ureports|US House of Representatives Listed Some Middle East’s Terrorist Parties|English|http://247ureports.com/2017/07/25/us-house-of-representatives-listed-some-middle-easts-terrorist-parties/|https://webcache.googleusercontent.com/search?q=cache:http://247ureports.com/2017/07/25/us-house-of-representatives-listed-some-middle-easts-terrorist-parties/&num=1&strip=0&vwsrc=0
07/25/2017|IUVM Press|La Chambre des représentants des États-Unis a fourni une liste de partis terroristes au Moyen-Orient|French|http://iuvmpress.com/fr/6829|https://archive.is/Zh7DL
07/25/2017|IUVM Press|The US Congress has presented a new list of Middle East terrorist groups|Urdu|http://iuvmpress.com/ur/10207|https://archive.is/pX63O
07/25/2017|IUVM Press|US House of Representatives listed some Middle East’s terrorist parties|English|http://iuvmpress.com/13405|https://archive.is/WBVqD
07/26/2017|AWD News|La Chambre des représentants des États-Unis a fourni une liste de partis terroristes au Moyen-Orient|French|http://www.fr.awdnews.com/soci%C3%A9t%C3%A9/la-chambre-des-repr%C3%A9sentants-des-%C3%A9tats-unis-a-fourni-une-liste-de-partis-terroristes-au-moyen-orient|https://archive.is/IHlmd
07/26/2017|Manber|Submit a list of names of terrorist groups in various Middle Eastern countries to the US Congress|Arabic|https://manber.ch/ArticleShow.aspx=ID88853|https://archive.is/BoIhm
07/30/2017|IUVM Press|Raheel Sharif prevented leaving Saudi Arabia|English|http://iuvmpress.com/13782|https://archive.is/YbrrU
07/30/2017|Liberty Fighters|Raheel Sharif prevented leaving Saudi Arabia|English|http://www.libertyfighters.uk/uk/raheel-sharif-prevented-leaving-saudi-arabia/|https://archive.is/R1JMr
07/31/2017|EA Daily|President's family invested $ 600 million in Israel's economy|Russian|https://eadaily.com/ru/news/2017/07/31/semya-prezidenta-azerbaydzhana-investirovala-v-ekonomiku-izrailya-600-mln|https://archive.is/0hg9X
07/31/2017|Pravosudija|Investments of the Aliyev family in Israel in the amount of $ 600 million|Russian|http://pravosudija.net/article/investicii-semi-alieva-v-izraile-v-razmere-600-millionov-dollarov|https://archive.li/rI0vV
07/31/2017|Whatsupic|Raheel Sharif prevented leaving Saudi Arabia|English|http://whatsupic.com/news-politics-world/prevented-leaving-saudi-arabia.html|https://archive.is/B45xG
07/31/2017|Yerkramas|Ilham Aliyev's family invested in the Israeli economy $ 600 million|Russian|http://www.yerkramas.org/article/123565/semya-ilxama-alieva-investirovala-v-ekonomiku-izrailya--600-mln|https://archive.is/8jBob
08/01/2017|Knooz Media|Editor-in-Chief of Russia Today: Saudi bribes to journalists a crime|Arabic|http://www.knoozmedia.com/242232/%D8%B1%D8%A6%D9%8A%D8%B3-%D8%A7%D9%84%D8%AA%D8%AD%D8%B1%D9%8A%D8%B1-%D9%84%D8%B5%D8%AD%D9%8A%D9%81%D8%A9-%D8%B1%D9%88%D8%B3%D9%8A%D8%A7-%D8%A7%D9%84%D9%8A%D9%88%D9%85-%D8%A7%D9%84%D8%B1%D8%B4%D8%A7/|https://archive.is/m9Gon
08/01/2017|Yemen Press|Behind the meeting of Omar al-Bashir and Saudi king Salman bin Abdul Aziz|English|http://www.yemenpress.org/world/behind-the-meeting-of-omar-al-bashir-and-saudi-king-salman-bin-abdul-aziz.html|https://archive.is/GAd7U
08/02/2017|IUVM Press|Behind the meeting of Omar al-Bashir and Saudi king Salman bin Abdul Aziz|English|http://iuvmpress.com/14018|https://archive.is/jvZyI
08/02/2017|Shafaqna|Raheel Sharif prevented leaving Saudi Arabia, Passport confiscated|English|http://pk.shafaqna.com/EN/48568|https://archive.is/0m1RZ
08/03/2017|Armen Press|Article disclosing Aliyev family’s secret business activity removed from Israeli 'Haaretz' website|English|https://armenpress.am/eng/news/900721/article-disclosing-aliyev-family%E2%80%99s-secret-business-activity-removed-from-israeli-haaretz-website.html|https://archive.is/VRV0E
08/03/2017|Mirror Spectator|$600 Million Investment by Aliyev’s Family Members in Israel|English|https://mirrorspectator.com/2017/08/03/600-million-investment-by-aliyevs-family-members-in-israel/|https://archive.is/eNH5v
08/04/2017|Ansari 75|Investments of the Aliyev family in Israel in the amount of $ 600 million|Russian|http://ansari75.livejournal.com/513650.html|https://archive.is/WnlVt
08/06/2017|Julia Blaise blog|Crown Prince Mohammed bin Salman appoints his brother as Saudi FM|English|http://www.juliablaise.com/2017/08/crown-prince-mohammed-bin-salman.html|https://archive.is/zXpwV
08/08/2017|The Leader News|Raheel Sharif prevented leaving Saudi Arabia|English|http://www.theleadersnews.com/raheel-sharif-prevented-leaving-saudi-arabia/|https://archive.is/JnICx
08/09/2017|Ahewar|Saudi Crown Prince Mohammed bin Salman appoints his brother as foreign minister|Arabic|http://www.ahewar.org/news/s.news.asp?nid=2769996|https://archive.is/6fFyd
08/09/2017|EA Daily|Foreign Ministry of Saudi Arabia will be headed by the brother of Crown Prince|Russian|https://eadaily.com/ru/news/2017/08/09/mid-saudovskoy-aravii-vozglavit-brat-naslednogo-princa|https://archive.is/cXgGn
08/09/2017|Pravosudija|Crown Prince Muhammad bin Salman appoints his brother as Saudi Foreign Minister|English|http://pravosudija.net/article/naslednyy-princ-muhammad-ben-salman-naznachaet-svoego-brata-ministrom-inostrannyh-del|https://archive.is/aqYb7
08/10/2017|Araweelo News|Crown Prince Mohammed bin Salman appoints his brother as Saudi FM|English|http://www.araweelonews.com/crown-prince-mohammed-bin-salman-appoints-his-brother-as-saudi-fm/|https://archive.is/Db3er
08/10/2017|IUVM Press|Saudi Crown Prince Mohammed bin Salman appoints his brother as foreign minister|Arabic|http://iuvmpress.com/ar/25455|https://archive.is/zKUVZ
08/10/2017|Liberty Fighters|Crown Prince Mohammed bin Salman appoints his brother as Saudi FM|English|http://www.libertyfighters.uk/uk/crown-prince-mohammed-bin-salman-appoints-his-brother-as-saudi-fm/|https://archive.is/2RcLZ
08/10/2017|Yemen Press|Crown Prince Mohammed bin Salman appoints his brother as Saudi FM|English|http://www.yemenpress.org/world/crown-prince-mohammed-bin-salman-appoints-his-brother-as-saudi-fm.html|https://archive.is/Mhhgk 
08/11/2017|Mahwarmasr|Mohammed bin Salman appoints Prince Khalid bin Salman as Saudi foreign minister|Arabic|http://mehwarmasr.com/2017/08/11/%D8%AA%D8%B9%D9%8A%D9%8A%D9%86-%D8%A7%D9%84%D8%A3%D9%85%D9%8A%D8%B1-%D8%AE%D8%A7%D9%84%D8%AF-%D8%A8%D9%86-%D8%B3%D9%84%D9%85%D8%A7%D9%86-%D9%88%D8%B2%D9%8A%D8%B1%D8%A7%D9%8B-%D9%84%D9%84%D8%AE%D8%A7/|https://archive.is/Njv40
08/11/2017|Samidon Press|Saudi Crown Prince Mohammed bin Salman appoints his brother as foreign minister|Arabic|https://samidon-sy.com/?p=162171|https://archive.is/jcOyw
08/11/2017|Whatsupic|Crown Prince Mohammed bin Salman appoints his brother as Saudi FM|English|http://www.whatsupic.com/news-politics-world/appoints-his-brother.html|https://archive.is/ojS8z
08/13/2017|Alquds|Saudi Crown Prince Sikil al-Jubeir and his brother Khalid bin Salman as foreign minister|Arabic|http://www.alquds.co.uk/?p=771138|https://archive.is/Yt38h
08/13/2017|MelieMelya|The former head of MI6 acknowledged the defeat of Putin in the strategic plan of Russia's fragmentation|Russian|https://meliemelya.com/politika/108770/print/|https://archive.is/p97ND
08/13/2017|Watan Serb|Mohammed bin Salman intends to dismiss the Minister of Foreign Affairs, "Adel al-Jubeir" .. This character will succeed him|Arabic|http://www.watanserb.com/2017/08/13/%D9%85%D8%AD%D9%85%D8%AF-%D8%A8%D9%86-%D8%B3%D9%84%D9%85%D8%A7%D9%86-%D9%8A%D8%B9%D8%AA%D8%B2%D9%85-%D8%A5%D9%82%D8%A7%D9%84%D8%A9-%D9%88%D8%B2%D9%8A%D8%B1-%D8%A7%D9%84%D8%AE%D8%A7%D8%B1%D8%AC%D9%8A/|https://archive.is/5MHc8
08/14/2017|123 News|Preference of Saudi Arabia and the UAE in US plans and strategies|Arabic|http://123news.co/world/707207.html|https://archive.is/Cqpt6
08/14/2017|Al Arab News|This was revealed by the magazine "Atlantic" US on the isolation of the Saudi Foreign Minister and the alternative ..|Arabic| http://www.alarab-news.com/awsat/article862136|https://webcache.googleusercontent.com/search?q=cache:http://www.alarab-news.com/awsat/article862136&num=1&strip=0&vwsrc=0
08/14/2017|Al Sharq|Mohammed bin Salman intends to isolate al-Jubeir .. from the alternative and whether the siege failed reason?|Arabic|http://www.al-sharq.com/news/details/507407|https://archive.is/7ziaa
08/14/2017|Hasry News|The site of "Liberty Vitters" British: the dismissal of Saudi Foreign Minister Adel al-Jubeir within days|Arabic|http://www.hasrynews.com/%D9%85%D9%88%D9%82%D8%B9-%D9%84%D9%8A%D8%A8%D8%B1%D8%AA%D9%8A-%D9%81%D8%A7%D9%8A%D8%AA%D8%B1%D8%B2%E2%80%B3-%D8%A7%D9%84%D8%A8%D8%B1%D9%8A%D8%B7%D8%A7%D9%86%D9%8A-%D8%A7%D9%82%D8%A7%D9%84/|https://archive.is/3w7U1
08/14/2017|Huffington Arabic|US magazine: Bin Salman will isolate Saudi Foreign Minister Adel al-Jubair .. This is his heir|Arabic|http://www.huffpostarabi.com/2017/08/14/story_n_17748350.html|https://archive.is/tLUs5
08/14/2017|Medanelakhbar|Role of the GCC in US plans and strategies|Arabic|http://www.medanelakhbar.com/arab/news287722.html|https://archive.is/cul0o
08/14/2017|Shia News Associate|Bin Salman will isolate al-Jubeir and appoint his brother Khalid instead|Arabic|http://ar.shafaqna.com/AR/137858|https://archive.is/7HLXN
08/14/2017|Sputnik News|Newspaper: Bin Salman will isolate al-Jubeir and appoint his brother as foreign minister|English|https://arabic.sputniknews.com/arab_world/201708141025644430-%D8%A8%D9%86-%D8%B3%D9%84%D9%85%D8%A7%D9%86-%D8%B9%D8%A7%D8%AF%D9%84-%D8%A7%D9%84%D8%AC%D8%A8%D9%8A%D8%B1-%D8%A7%D9%84%D8%B3%D8%B9%D9%88%D8%AF%D9%8A%D8%A9/|https://archive.is/xnh2g
08/15/2017|Rusjev|Russian hackers and spies brings bad English - Times|Russian|http://rusjev.net/2017/08/15/russkih-hakerov-i-shpionov-podvodit-plohoy-angliyskiy-times/|https://archive.is/qsQRZ
08/16/2017|Gulf Times|Mohamed bin Salman to appoint his brother as Saudi FM: report|English|http://www.gulf-times.com/story/560372/Mohamed-bin-Salman-to-appoint-his-brother-as-Saudi|https://archive.is/tWzVP
08/16/2017|Qatar Scoop|Mohamed bin Salman to appoint his brother as Saudi FM: report|English|http://www.qatarscoop.com/news/middle-east/mohamed-bin-salman-appoint-brother-saudi-fm-report/|https://archive.is/BUfKG
08/23/2017|Startfor|Iran, Saudi Arabia: Testing the Waters Between Regional Rivals|English|https://worldview.stratfor.com/article/iran-saudi-arabia-testing-waters-between-regional-rivals|https://archive.is/BrhpB
08/24/2017|Bigr News|Preference of Saudi Arabia and the UAE in US plans and strategies|Arabic|https://bigrnews.blogspot.gr/2017/08/blog-post_3283.html|https://archive.is/s2snR
08/25/2017|Abna24|Saudi crown prince plans to replace his brother as foreign minister|English|http://en.abna24.com/news/middle-east/saudi-crown-prince-plans-to-replace-his-brother-as-foreign-minister_850447.html|https://archive.is/Fz9Zh
08/25/2017|Halo|Confirmation of spy secrets|Slovak|http://www.halonoviny.cz/articles/view/46084874|https://archive.is/bdsFu
08/25/2017|PressTV|Saudi crown prince plans to replace ‘hardline’ foreign minister: Report|English|http://www.presstv.com/Detail/2017/08/25/532879/Saudi-Arabia-foreign-minister-Iran|https://archive.is/YflRe
08/26/2017|Pars Today|Saudi crown prince plans to replace ‘hardline’ foreign minister: Report|English|http://parstoday.com/en/news/middle_east-i60958-saudi_crown_prince_plans_to_replace_hardline%E2%80%99_foreign_minister_report|https://archive.is/0iUpw
09/14/2017|Middle East Press|Robert Labor's remarks on Mosul's operations|Persian|http://middleeastpress.com/blog/%D8%A7%D8%B8%D9%87%D8%A7%D8%B1%D8%A7%D8%AA-%D8%B1%D8%A7%D8%A8%D8%B1%D8%AA-%D9%88%D8%B1%DA%A9-%D8%AF%D8%B1-%D9%85%D9%88%D8%B1%D8%AF-%D8%B9%D9%85%D9%84%DB%8C%D8%A7%D8%AA-%D9%85%D9%88%D8%B5%D9%84/|https://archive.is/2f2v2
09/25/2017|Barq Press|Secret Report: Saudi Foreign Ministry Report on the War on Yemen|Arabic|http://barqpress.com/archives/10196|https://archive.is/a7csf
09/26/2017|Al Khabaral Yemeni|Secret Report: Saudi Foreign Ministry Report on the War on Yemen|Arabic|http://www.alkhabaralyemeni.net/2017/09/26/9100/|https://archive.is/OUz9k
10/05/2017|Iaa News|Europe fears of Erdogan’s anger|Arabic|https://iaanews.com/News/134935/%D8%B3%D9%81%D9%8A%D8%B1-%D8%AA%D8%B1%D9%83%D9%8A%D8%A7-%D9%81%D9%8A-%D8%A8%D8%B1%D9%84%D9%8A%D9%86-%D8%A3%D9%88%D8%B1%D9%88%D8%A8%D8%A7-%D8%AA%D8%AE%D8%B4%D9%89-%D8%BA%D8%B6%D8%A8-%D8%A3%D8%B1%D8%AF%D9%88%D8%BA%D8%A7%D9%86|https://archive.fo/QZ5hD
12/08/2017|Alithad News|Royal Decree .. Exemption of Saudi Foreign Minister Adel Al-Jubeir from his post and the appointment of Khalid bin Salman|Arabic|http://www.alithadnews.com/news/2218|https://archive.is/DvV9S
12/08/2017|Almasdar News|Saudi FM allegedly sacked by regime|English|https://www.almasdarnews.com/article/saudi-fm-allegedly-sacked-regime/|https://archive.is/xfX5I
12/08/2017|Middle East Eye|Saudi Foreign Minister al-Jubeir fired and replaced by Khaled bin Salman: Sources|English|http://www.middleeasteye.net/news/saudi-foreign-minister-al-jubeir-fired-and-replaced-khaled-bin-salman-sources-1356404625|http://web.archive.org/web/20171208221113/http://www.middleeasteye.net/news/saudi-foreign-minister-al-jubeir-fired-and-replaced-khaled-bin-salman-sources-1356404625
12/09/2017|Qatar Today|Saudi Foreign Minister al- Jubeir fired and replaced by Khaled bin Salman: Sources|English|http://www.qatarday.com/news/international/saudi-foreign-minister-al-jubeir-fired-and-replaced-by-khaled-bin-salman-sources/56745|https://archive.is/r2E2f
01/12/2018|Truth in Accounting|Families of 9/11 victims to sue the Saudi government|English|https://www.truthinaccounting.org/news/detail/families-of-911-victims-to-sue-the-saudi-government|https://perma.cc/W8AZ-HNP9
??|AWD News||English|awdnews.com/political/erdoğan-us,-the-founder-of-isis|
??|AWD News|Wahhabism a deviated group, destroyer of Islamic world|English|http://awdnews.com/political/wahhabism-a-deviated-group,-destroyer-of-islamic-world|
??|AWD News|Saudi Ambassador Al-Awwad, Has Been In Contact With Riaz Khan Ahmadzai|English|http://awdnews.com/political/saudi-ambassador-awwad-bin-saleh-al-awwad,-has-been-in-contact-with-riaz-khan-ahmadzai|
??|AWD News|??|English|awdnews.com/political/arabian-countries’-dollars-could-not-help-us-in-war-against-syria|
??|AWD News|Qatari ambassador to Jordan described the king of Jordan as incapable of running the country|English|http://awdnews.com/top-news/qatari-ambassador-to-jordan-describes-jordan%E2%80%99s-king-incapable-of-running-a-country|
??|AWD News|“Mother of All Bombs” carried America’s message for China, Russia and North Korea|English|http://awdnews.com/top-news/%E2%80%9Cmother-of-all-bombs%E2%80%9D-carried-america%E2%80%99s-message-for-china,-russia-and-north-korea|
??|AWD News|Saudi-Israel joint contract before Trump’s visit|English|http://awdnews.com/political/saudi-israel-joint-contract-before-trump%E2%80%99s-visit|
??|AWD News|Crown Prince Mohammed bin Salman appoints his brother as Saudi FM|English|http://awdnews.com/political/crown-prince-mohammed-bin-salman-appoints-his-brother-as-saudi-fm|
??|AWD News|Mohamed bin Salman Succession; Beginning of Secularism in Saudi Arabia|English|http://awdnews.com/society/mohamed-bin-salman-succession-beginning-of-secularism-in-saudi-arabia|
??|IUVM Archive|Qatar ‘oiled German firm’s palm’ to pull out of tanks deal with Saudi Arabia|English|http://www.iuvmarchive.com/post/qatar-oiled-german-firm-s-palm-to-pull-out-of-tanks-deal-with-saudi-arabia|https://archive.is/cMAPM
??|Magal Press|Leaked document: Saudi Arabia incites Sudan to create an external crisis for Egypt|Arabic|http://magalpress.ps/News/%D9%88%D8%AB%D9%8A%D9%82%D8%A9-%D9%85%D8%B3%D8%B1%D8%A8%D8%A9-%D8%A7%D9%84%D8%B3%D8%B9%D9%88%D8%AF%D9%8A%D8%A9-%D8%AA%D8%AD%D8%B1%D8%B6-%D8%A7%D9%84%D8%B3%D9%88%D8%AF%D8%A7%D9%86-%D9%84%D8%A7%D8%B3/|https://archive.is/57Ssr
??|Middle East Press|Egypt's Mufti Shaikh Ibrahim Al-Imbah: Wahabat and Daish-e-Insight are bright|Arabic|http://middleeastpress.com/pashto/1395/08/03/%D8%AF-%D9%85%D8%B5%D8%B1-%D9%85%D9%81%D8%AA%DB%8C-%D8%B4%D9%88%D9%82%DB%8C-%D8%A7%D8%A8%D8%B1%D8%A7%D9%87%DB%8C%D9%85-%D8%B9%D9%84%D8%A7%D9%85-%D9%88%D9%87%D8%A7%D8%A8%DB%8C%D8%AA-%D8%A7%D9%88/|https://archive.fo/at9Xm
??|Middle East Press|Sultan Bin Salman's remarks on Saudi Arabia's business plans|Arabic|http://middleeastpress.com/blog/%D8%A7%D8%B8%D9%87%D8%A7%D8%B1%D8%A7%D8%AA-%D8%B3%D9%84%D8%B7%D8%A7%D9%86-%D8%A8%D9%86-%D8%B3%D9%84%D9%85%D8%A7%D9%86-%D8%AF%D8%B1-%D9%85%D9%88%D8%B1%D8%AF-%D8%A8%D8%B1%D9%86%D8%A7%D9%85%D9%87-%D9%87/|https://archive.is/L5YtE
??|Mouood|Saudi Arabia funds the US-Mexico border wall|English|http://mouood.com/articles/news/966-saudi-arabia-funds-the-us-mexico-border-wall.html|https://archive.is/3rAxj
??|Sayyidali|New Evidence Condemns Saudi Arabia, ’Israel’ for 9/11, Hariri Assassination|English|http://sayyidali.com/news-analysis/new-evidence-condemns-saudi-arabia-israel-for-911-hariri-assassination.html|https://archive.is/uJQ1s
??|Shia Farhand|Egyptian Mufti Shoghi Ibrahim Alam: Wahhabism and ISIS are an obvious example of fabricated religions.|Persian|http://shia-farhang.mihanblog.com/post/654|https://archive.is/63O8B
