Date|Domain|Link|Title|Cache
10/29/2016|alryiadh[.]com|alryiadh[.]com/1536469|Qatar sought to disrupt Saudi-Turkish relations by spreading rumors about a Saudi presence behind the coup in Turkey|
10/01/2016|policito[.]com|hxxp://policito[.]com/2016/09/saudi-envoy-says-saudi-arabia-ready-to-host-gulen-228841/|Saudi envoy says Saudi Arabia ready to host Gulen|
10/04/2016|alryiadh[.]com|hxxp://www.alryiadh[.]com/1537615/|Mufti warns the Bangladeshi authorities to continue executions of Islamic leaders|https://web.archive.org/web/20161028165909/http://alryiadh.com/1537615/
10/07/2016|alryiadh[.]com|alryiadh[.]com/1536868/|Prince Sultan bin Salman: Turkey needs to develop and strengthen its relations with the Arab world|https://web.archive.org/web/20161028170022/http://alryiadh.com/1536868/ 
10/17/2016|bundesergierung[.]de|hxxp://bundesergierung[.]de/Content/EN/2016/10_en/2016-10-17-beziehung-saudi-arabien-vereinigte-staaten_en.html|Angela Merkel: no one supports Saudi Arabia for free|
10/17/2016|policito[.]com|hxxp://www.policito[.]com/2016/10/chuck-grassley-I-have-new-evidence-supporting-9-11-bill/|New evidence for condemning Saudi Arabia in favor of 9/11 bill|https://web.archive.org/web/20161019150309/http://www.policito.com/2016/10/chuck-grassley-I-have-new-evidence-supporting-9-11-bill/
10/19/2016|israellinarabic[.]com|hxxp://www.israellinarabic[.]com/الحاخام-الدول العربیة-تعزیة بیرز/|The Greater Israeli Rabbi: The condolences of the leaders of the Arab countries on the death of Beiraz is indicative of the Arab-Israeli rapprochement| http://web.archive.org/web/20161028133304/http://www.israellinarabic.com:80/%D8%A7%D9%84%D8%AD%D8%A7%D8%AE%D8%A7%D9%85-%D8%A7%D9%84%D8%AF%D9%88%D9%84%20%D8%A7%D9%84%D8%B9%D8%B1%D8%A8%DB%8C%D8%A9-%D8%AA%D8%B9%D8%B2%DB%8C%D8%A9%20%D8%A8%DB%8C%D8%B1%D8%B2/
10/20/2016|policito[.]com|hxxp://policito[.]com/2016/10/Robert-o.work-asks-turkey-not-to-interfere-in-mosul-liberation/|Robert O Work asks Turkey not to interfere in mosul liberation|
10/21/2016|israellinarabic[.]com|hxxp://www.israellinarabic[.]com/%D8%A7%D9%84%D8%B3%D8%B9%D9%88%D8%AF%D9%8A%D8%A9%20%E2%80%93%20%D8%A5%D8%B3%D8%B1%D8%A7%D8%A6%D9%8A%D9%84%20%E2%80%93%20%D8%B7%D8%A7%D8%A6%D8%B1%D8%A7%D8%AA%20%D8%A8%D8%AF%D9%88%D9%86%20%D8%B7%D9%8A%D8%A7%D8%B1/|Saudi Arabia plans to hold a weapons deal with Israel in the field of drones|https://web.archive.org/web/20161028030828/http://www.israellinarabic.com:80/%D8%A7%D9%84%D8%B3%D8%B9%D9%88%D8%AF%D9%8A%D8%A9%20%E2%80%93%20%D8%A5%D8%B3%D8%B1%D8%A7%D8%A6%D9%8A%D9%84%20%E2%80%93%20%D8%B7%D8%A7%D8%A6%D8%B1%D8%A7%D8%AA%20%D8%A8%D8%AF%D9%88%D9%86%20%D8%B7%D9%8A%D8%A7%D8%B1/
10/22/2016|daylisabah[.]com|hxxp://www.daylisabah[.]com/arabic/turkey/2016/10/22/us-built-isis-president-erdogan-says-1476786321/|Erdogan: US built ISIS|https://web.archive.org/web/20161101012825/http://www.daylisabah.com:80/arabic/turkey/2016/10/22/us-built-isis-president-erdogan-says-1476786321/
10/21/2016|elwataannews[.]com|hxxp://elwataannews[.]com/news/details/1501001/|Egyptian mufti: ISIS and Whahabism perfect examples of innovated faiths|https://web.archive.org/web/20170207233014/http://www.elwataannews.com:80/news/details/1501001/
10/22/2016|emaratallyoum[.]com|hxxp://www.emaratallyoum[.]com/politics/news/2016-10-22-1.939576/|Saudi Ambassador to the UAE: It is Saudi Arabia that delineates the borders of the GCC foreign relations|https://web.archive.org/web/20161103041608/http://www.emaratallyoum.com:80/politics/news/2016-10-22-1.939576/
10/29/2016|israellinarabic[.]com|hxxp://israellinarabic[.]com/أسماء-ضباط-إسرائيلین-قاعدة-لملك-فيصل/|The names of 122 Israeli and American officers working at the King Faisal airbase are being flown|https://web.archive.org/web/20161107174553/http://israellinarabic.com:80/%D8%A3%D8%B3%D9%85%D8%A7%D8%A1-%D8%B6%D8%A8%D8%A7%D8%B7-%D8%A5%D8%B3%D8%B1%D8%A7%D8%A6%D9%8A%D9%84%DB%8C%D9%86-%D9%82%D8%A7%D8%B9%D8%AF%D8%A9-%D9%84%D9%85%D9%84%D9%83-%D9%81%D9%8A%D8%B5%D9%84/
10/31/2016|emaratallyoum[.]com|hxxp://emaratallyoum[.]com/politics/news/2016-10-31-1.941313/|Sisi congratulates Aoun and affirms Egypt's support for Lebanon|
11/01/2016|aliraq-news[.]com|http://aliraq-news[.]com/%D8%A7%D9%84%D8%B9%D8%B1%D8%A7%D9%82-%D9%85%D8%B3%D8%AA%D8%B9%D8%AF-%D9%84%D8%A7%D8%B3%D8%AA%D9%82%D8%A8%D8%A7%D9%84-%D8%A7%D9%84%D8%B9%D9%85%D8%A7%D9%84-%D8%A7%D9%84%D9%85%D8%B5%D8%B1%D9%8A%D9%8A%D9%86/|Iraqi Minister of Labour informed his country's readiness for greeting 500 000 Egyptian workers|
11/06/2016|mintpressnevvs[.]com|hxxp://mintpressnevvs[.]com/qatar-oiled-german-firm-palm-to-pull-out-of-tanks-deal-with-saudi-arabia/221898/|Qatar ‘oiled German firm’s palm’ to pull out of tanks deal with Saudi Arabia|http://web.archive.org/web/20170301162611/http://mintpressnevvs.com:80/qatar-oiled-german-firm-palm-to-pull-out-of-tanks-deal-with-saudi-arabia/221898/
11/04/2016|elwataannews[.]com|hxxp://elwataannews[.]com/news/details/15453876/|Sheikh Ali Gomaa, Mohamed: Wahhabism diminutive band and destructive for the Islamic world|
11/05/2016|alryiadh[.]com|hxxp://alryiadh[.]com/1545748/|The Housing Authority recognizes residential land of princes rather than delivered to citizens|
11/06/2016|alryiadh[.]com|alryiadh[.]com/1548749|AbdulazizAlTuwaijri said “in response to Grozny meeting,we'll hold an international conf in Riyadh”|
11/08/2016|mintpressnevvs[.]com|hxxp://mintpressnevvs[.]com/hillel-neuer-saudi-arabia-lobbied-to-eliminate-russia-from-unhrc/223569/|Hillel Neuer: saudi Arabia lobbied to eliminate Russia from UNHRC|
11/09/2016|budapestbaecon[.]com|hxxp://budapestbaecon[.]com/civil-society/Saudi-ambassador-Awwad-Bin-Saleh-Al-Awwad-has-been-in-contact-with-Riaz-Khan-Ahmadzai/41950/|Saudi ambassador Awwad Bin Saleh Al-Awwad has been in contact with Riaz Khan Ahmadzai|https://web.archive.org/web/20161117013442/http://budapestbaecon.com:80/civil-society/Saudi-ambassador-Awwad-Bin-Saleh-Al-Awwad-has-been-in-contact-with-Riaz-Khan-Ahmadzai/41950/
11/09/2016|budapestbaecon[.]com|hxxp://budapestbaecon[.]com/civil-society/Saudi-dollars-role-in-Jaber-al-Bakr-death/41991/|Saudi dollars role in Jaber al-Bakr death|
12/11/2016|breakingisraelnews[.]net|hxxp://breakingisraelnews[.]net/79988/security-agreement-between-israel-and-azerbaijan-during-netanyahu-travel-to-baku/#R5DJceb9hWUfBfZz.97|Security agreement between Israel and Azerbaijan during Netanyahu travel to Baku|https://web.archive.org/web/20161217074612/http://breakingisraelnews.net:80/79988/security-agreement-between-israel-and-azerbaijan-during-netanyahu-travel-to-baku/ 
12/21/2016|breakingisraelnews[.]net|hxxp://breakingisraelnews[.]net/83141/defense-minister-says-israel-has-enough-power-abroad-to-defend-its-interests/|Defense Minister says Israel has enough power abroad to defend its interests|
01/03/2017|daylisabah[.]com|hxxp://www.daylisabah[.]com/arabic/turkey/2017/01/03/arab-countries-not-achieved-any-success-fight-against-syrian|The Turkish ambassador: The dollars of the Arab countries have not achieved any success in our war against the Syrian regime|
01/17/2017|com-users[.]info|hxxp://twitter.com-users[.]info/KingSalman/status/552089363190804480|Salman: Tiran and Sanafir are Saudis and will remain|
01/25/2017|timesoffisrael[.]com|hxxp://ar.timesoffisrael[.]com/%D8%A7%D9%84%D8%A8%D8%AD%D8%B1%D9%8A%D9%86-%D8%A5%D8%AD%D8%AF%D9%89-%D8%A7%D9%84%D8%AF%D9%88%D9%84-%D8%A7%D9%84%D8%B9%D8%B1%D8%A8%D9%8A%D8%A9-%D8%A7%D9%84%D8%AA%D9%8A-%D9%84%D9%87%D8%A7-%D8%B9%D9%84%D8%A7%D9%82%D8%A7%D8%AA-%D9%85%D8%B9-%D8%A5%D8%B3%D8%B1%D8%A7%D8%A6%D9%8A%D9%84/|Tsahi Hanegbi: Bahrain is one of the Arab countries with close economic and security ties with Israel|
01/28/2017|elwataannews[.]com|hxxp://elwataannews[.]com/news/details/1832712/index.php|Putin: Jordan is a reassuring alternative to Saudi Arabia in the Arab world|https://web.archive.org/web/20170203102843/http://elwataannews.com:80/news/details/1832712/index.php
01/28/2017|elwataannews[.]com|hxxp://elwataannews[.]com/news/details/1824187/index.php|The establishment of a fatwa house parallel to the House of Ifta in Egypt|https://web.archive.org/web/20170204235149/http://elwataannews.com:80/news/details/1824187/index.php
02/04/2017|mintpressnevvs[.]com|hxxp://mintpressnevvs[.]com/james-mattis-expresses-concern-over-yemen-war-prolongation/229418/|James Mattis Expresses concern over Yemen war prolongation|
02/06/2017|elwataannews[.]com|www.elwataannews[.]com/news/details/1833639/index.php|A leaked document reveals Saudi support for Sudan in the case of Halaib and Shalatin|https://web.archive.org/web/20170210233141/http://www.elwataannews.com:80/news/details/1833639/index.php
02/14/2017|alryiadh[.]com|alryiadh[.]com/1571724/|Saudi Arabia's Ambassador in Algeria is considered a "terrorist" organization POLISARIO Front|
02/12/2017|alryiadh[.]com|www.alryiadh[.]com/1571713|Qatar 2022 World Cup security authorized for G4S|https://web.archive.org/web/20170224073349/http://alryiadh.com:80/1571713/
02/26/2017|mintpressnevvs[.]com|hxxp://mintpressnevvs[.]com/merkel-expresses-her-concerns-over-eu-future/225418/|Merkel expresses her concerns over EU future |https://web.archive.org/web/20170303052244/http://mintpressnevvs.com:80/merkel-expresses-her-concerns-over-eu-future/225418/
02/16/2017|lesoir[.]info|hxxp://lesoir[.]info/1445748/article/actualite/france/2017-02-16/royaume-saoudien-finance-la-campagne-electorale-du-candidat-prefere|Royaume Saoudien finance la campagne electorale du candidat prefere|None
02/18/2017|daylisabah[.]com|hxxp://daylisabah[.]com/arabic/turkey/2017/02/18/turkek-sends-riot-ploice-to-bahrain/|Turkish riot police send to Bahrain|None
02/19/2017|budapestbaecon[.]com|http://budapestbaecon[.]com/civil-society/Joachim-Gauck-US-strives-for-its-own-interests/41982/|Joachim Gauck: US strives for its own interests in the name of fighting terrorism|https://web.archive.org/web/20170224023201/http://budapestbaecon.com:80/civil-society/Joachim-Gauck-US-strives-for-its-own-interests/41982/
02/18/2017|alryiadh[.]com|alryiadh[.]com/1572842/|The coup overthrows the chief of staff of the UAE armed forces|https://web.archive.org/web/20170301063244/http://www.alryiadh.com:80/1572842/ 
02/21/2017|bloomberq[.]com|http://bloomberq[].com/politics/articles/2017-02-20/u-s-official-says-sanctions-on-russia-iran-u-s-power-to-coerce|US official says sanctions on other countries are US's power to coerce|
02/24/2017|lesoir[.]info|hxxp://lesoir[.]info/1445748/article/actualite/france/2017-02-24/emmanuel-macron-candidat-prefere-de-arabie-saoudite/|Emmanuel Macron Candidat prefere de l'Arabie Saoudite|http://web.archive.org/web/20170311215532/http://lesoir.info:80/1445748/article/actualite/france/2017-02-24/emmanuel-macron-candidat-prefere-de-arabie-saoudite/
03/12/2017|bloomberq[.]com|http://bloomberq[.]com/politics/articles/2017-03-10/Giving-CIA-Medal-of-Honor-to-Saudi-Crown-Prince/|Former CIA Director: Giving CIA Medal Of Honor to Saudi Crown Prince Clever Move to Support Him Against Nephew|
03/12/2017|breakingisraelnews[.]net|hxxp://breakingisraelnews[.]net/84952/kerry-trump-made-mistake-in-assigning-cia-mideast-responsibility/|Kerry: Trump made a mistake in assigning CIA mid-east responsibility|
3/13/2017|aliraq-news[.]com|hxxp://aliraq-news[.]com/سفين-دزيي-يكشف-عن-تورط-قنصل-الإمارات-محمد-راشد/|Iraq: The Consul of the UAE has been involved in the financing of leaders of a pro-Syrian organization|
03/14/2017|timesoffisrael[.]com|hxxp://ar.timesoffisrael[.]com/%D8%AA%D8%B3%D8%A7%D8%AD%D9%8A-%D9%87%D9%86%D8%BA%D8%A8%D9%8A-%D9%8A%D8%AA%D8%AD%D8%AF%D8%AB-%D8%B9%D9%86-%D9%86%D8%AC%D8%A7%D8%AD-%D9%86%D8%AA%D9%86%D9%8A%D8%A7%D9%87%D9%88//|Hanegbi spoke about the success of Netanyahu in security with arousing Arabic States on Iran and Lebanese Allah party|
03/14/2017|daylisabah[.]com|http://daylisabah[.]com/eu-affairs/2017/03/13/europe-fears-of-erdogan-anger/|Europe fears of Erdogan's anger|
04/05/2017|indepnedent[.]co|hxxp://www.indepnedent[.]co/uk/news/politics/nick-clegg-says-theresa-may-visit-to-saudi-arabia-serves-arab-regimes-a7693756.html|Main goal of Theresa May’s visit to Saudi Arabia is talking about Iraq and Iran elections, besides crises in Syria, Yemen and Bahrain, says Nick Clegg|https://archive.fo/20170412184019/http://www.indepnedent.co/uk/news/politics/nick-clegg-says-theresa-may-visit-to-saudi-arabia-serves-arab-regimes-a7693756.html
04/08/2017|emaratallyoum[.]com|hxxp://emaratallyoum[.]com/politics/news/2017-04-08-1.998146/|Saudi Ambassador to Tunisia: Al-Sayyed al-Sibsi has forgotten our positions from Tunisia as brothers|
04/15/2017|brusslestimes[.]com|hxxp://www.brusslestimes[.]com/rss-feed/8039/bbc-and-al-jazeera-producers-of-isis-movie-clips/|BBC and Al Jazeera Producers of ISIS Movie Clips|
04/16/2017|brusslestimes[.]com|hxxp://www.brusslestimes[.]com/rss-feed/8031/merkels-spokesman-eu-prepare-itself-for-a-new-dictatorship-of-turkey/|Merkel's Spokesman: EU prepares itself for a new dictatorship of Turkey|
04/17/2017|brusslestimes[.]com|hxxp://www.brusslestimes[.]com/eu-affairs/9741/erdogan-needs-10-percent-manipulation-for-simple-majority/|Erdogan Needs 10 Percent Manipulation for Simple Majority of ‘Aye’ Vote in Referendum|
04/18/2017|brusslestimes[.]com|hxxp://www.brusslestimes[.]com/rss-feed/8091/filipino-nationals-oppressed-by-saudis-no-support-from-their-country/|Filipino nationals oppressed by Saudis, no support from their country|
04/18/2017|indepnedent[.]co|hxxp://indepnedent.co/uk/news/world/middle-east/israel-ambassador-us-dermer-accomapanies-us-defense-secretary-mattis-middle-east-trip-a7892848.html|Israel ambassador to U.S. accompanies Jim Mattis on Mideast trip|
04/19/2017|timesoffisrael[.]com|hxxp://ar.timesoffisrael[.]com/%D9%8A%D9%88%D8%A7%D9%81%D9%82-%D8%A7%D9%84%D8%B9%D8%A7%D9%87%D9%84-%D8%A7%D9%84%D8%B3%D8%B9%D9%88%D8%AF%D9%8A-%D8%B9%D9%84%D9%89%E2%80%93%D9%85%D8%B4%D8%B1%D9%88%D8%B9-%D8%A5%D9%82%D8%A7%D9%85/|King Saudi approved on project stay|
05/02/2017|shoruknews[.]com|hxxp://shoruknews[.]com/news/view.aspx/cdate/30082017&id=fcf1a3ac-280d-46f1-9ae2-6e6586ddcb97|Qatari ambassador to Jordan described the king of Jordan as incapable of running the country.|
05/09/2017|speigel[.]net|speigel[.]net/international/world/ex-chancellor-schroder-says-the-minister-of-foreign|Ex-Chancellor Schröder Says the Minister of foreign Affairs should not confirm Saudi minister’s agreement|
05/10/2017|theguaradian[.]com|hxxp://theguaradian[.]com/us-news/2017/may/10/mother-of-all-bombs-carried-americas-message/|Mother of all bombs carried Americas message|
05/11/2017|al-jazirah[.]org|hxxp://al-jazirah[.]org/news/2017/20170708/112796/|Former Ambassador to Kabul: Reducing Pakistan's role in Saudi-Afghan relations|https://web.archive.org/web/20170714051628/http://al-jazirah.org/news/2017/20170708/112796/
05/19/2017|theheraldscotland[.]com|www.theheraldscotland[.]com/news/15895198.Trumps_Travelis___the_first_blow_to_Russia/|Trump’s Travel is the first blow to Russia|
05/20/2017|thejerusalempost[.]org|hxxp://thejerusalempost[.]org/American-Politics/Lieberman-Israel-and-Saudi-Alliance-Prelude-to-World-Peace-499217|Lieberman: Israel and Saudi Alliance Prelude to World Peace|
05/21/2017|aljlazeera[.]com|hxxp://aljlazeera[.]com/news/2017/05/saudi-arabia-funds-the-us-mexico-border-wall-170520063457521.html|Saudi Arabia funds the US-Mexico border wall|
05/21/2017|theguaradian[.]com|hxxp://theguaradian[.]com/politics/2017/may/20/bernie-sanders-saudi-arabia-takes-on-trump-to-control-iran/|Bernie Sanders: Saudi Arabia takes on Trump to control Iran|None
05/21/2017|thejerusalempost[.]org|hxxp://thejerusalempost[.]org/American-Politics/Uniting-Saudi-Arabia-and-Israel-Trumps-Trip-Main-Purpose-497394/|Uniting Saudi Arabia and Israel, Trump’s Trip Main Purpose|
05/22/2017|foriegnpolicy[.]net|hxxp://foriegnpolicy[.]net/2017/05/22/disclosure-of-documents-of-saudis-support-of-isis/|Disclosure of documents of saudis support of isis|
05/23/2017|theheraldscotland[.]com|hxxp://theheraldscotland[.]com/news/16845128.Saudi-Israeljointcontract__before_Trumps_visit/|Saudi-Israel joint contract before Trump’s visit|
05/30/2017|sharjah24[.]co|hxxp://sharjah24[.]co/ar/uae/227314- محمد-البرادعي-يكشف-عن-مخطط-لايجار-الاراضي-المصر /|Mohammed ElBaradei disclosed the plan to lease Egyptian territory in the Sinai Peninsula|
05/31/2017|foriegnpolicy[.]net|hxxp://foriegnpolicy[.]net/2017/05/31/saudi-arabia-cancelled-arms-deal-turkey-because-ankara-doha-coalition-in-support-of-terrorist-groups|Saudi Arabia Cancelled arms deal with Turkey because ankara doha coalition in support of terrorist groups|
05/31/2017|jerusaleimonline[.]com|hxxp://www.jerusaleimonline[.]com/news/politics-and-military/politics/palistine-leader-statemant-at-the-meeting-with-trump-35248/|Abbas promises to disarm Palestinian factions by the end of 2018|None
06/01/2017|sharjah24[.]co|hxxp://sharjah24[.]co/ar/arabic/226871-/|Abdullah bin Zayed: Qatari policies do not agree with the policies of the Gulf states|
06/07/2017|foriegnpolicy[.]net|http://foriegnpolicy[.]net/2017/06/07/ex-cia-chief-michael-hayden-the-regional-arrangements-a-young-inexperienced-saudi/|Ex-CIA chief Michael Hayden: the regional arrangements should not be upset by a young inexperienced Saudi|http://web.archive.org/web/20170620122214/http://foriegnpolicy.net/2017/06/07/ex-cia-chief-michael-hayden-the-regional-arrangements-a-young-inexperienced-saudi/
06/11/2017|theguaradian[.]com|hxxp://theguaradian[.]com/us-news/2017/june/11/no-problem-between-qatar-saudi-arabia-inexperienced-politicians-main-problem/?CMP=share_btn_tw|No problem exists between Qatar and Saudi Arabia and inexperienced politicians are the main problem.|
06/13/2017|sharjah24[.]co|hxxp://sharjah24[.]co/ar/international/229699-/|Mohammed bin Zayed put forward the idea of reviewing the final status agreement of the borders of the UAE|
06/15/2017|theatlatnic[.]com|hxxp://theatlatnic.com/international/archive/2017/07/saudi-arabia-funds-the-us-mexico-border-wall/533124/|Saudi Arabia funds the US Mexico border Wall|
06/19/2017|theatlatnic[.]com|hxxp://theatlatnic[.]com/international/archive/2017/06/saudi-arabia-bribe-icao/527597/|Saudi Arabia by paying bribes to current President of the Council of the ICAO|
07/10/2017|theatlatnic[.]com|hxxp://theatlatnic[.]com/international/archive/2017/07/a-coup-plot-against-mohammed-bin-salman-by-mohammed-bin-nayef/533841/index.html|A coup plot against Mohammed bin Salman by Mohammed bin nayef|https://webcache.googleusercontent.com/search?q=cache:7CCE1ub7A6cJ:theatlatnic.com/international/archive/2017/07/a-coup-plot-against-mohammed-bin-salman-by-mohammed-bin-nayef/533841/index.html+&cd=2&hl=en&ct=clnk&gl=gr&client=ubuntu
07/15/2017|xn--emaraalyoum-1b9e[.]com|xn--emaraalyoum-1b9e[.]com/local-section/other/2017-07-15-1.1012489|??|
07/15/2017|xn--telocal-xt3c[.]com|hxxp://xn--telocal-xt3c[.]com/20170715/some-arab-nations-calls-fifa-to-replace-qatar-as-2022-world-cup-host/|Some Arab nations calls FIFA to replace Qatar as 2022 World Cup host|
07/16/2017|xn--r-2rm[.]com|hxxp://arabic.rṭ[.]com/business/888759-إذا-وصلت-الأمور-لحد-استخدام-القوة-سنستخدمها/|Qatar's Minister of Energy and Industry: If things get to the point of using force we will use them against the UAE|
07/17/2017|xn--sraelinarabic-29b[.]com|hxxp://xn--sraelinarabic-29b[.]com/%D9%85%D8%B3%D8%B9%D9%88%D8%AF-%D8%A8%D8%A7%D8%B1%D8%B2%D8%A7%D9%86%D9%8A-%D8%A7%D8%AC%D8%AA%D9%85%D8%B9-%D9%85%D8%B9-%D8%A7%D9%84%D8%B3%D9%84%D8%B7%D8%A7%D8%AA-%D8%A7%D9%84%D8%A5%D8%B3%D8%B1%D8%A7%D8%A6%D9%8A%D9%84%D9%8A%D8%A9-%D8%A3%D8%AB%D9%86%D8%A7%D8%A1-%D8%B2%D9%8A%D8%A7%D8%B1%D8%AA%D9%87-%D9%81%D9%8A-%D8%A7%D9%84%D8%A3%D8%B1%D8%AF%D9%86/|Avigdor Lieberman: Massoud Barzani met with the Israeli authorities during his visit to Jordan|
07/22/2017|xn--israelinarabi-ugb[.]com|xn--israelinarabi-ugb[.]com/%25D8%25A7%25D9%2584%25D9%2584%25D9%2588%25D8%25A7%25D8%25A1-%25D8%25AC%25D8%25A7%25D8%25AF%25D9%258A-%25D8%25A5%25D9%258A%25D8%25B2%25D9%2588%25D9%2586%25D9%2583%25D9%2588%25D8%25AA/ |Maj. Gen. Gadi Isonkot speaks about the celebration of victory because of the successful fabrication of the Gulf crisis|
07/23/2017|xn--alnaaregypt-cm8e[.]com|hxxp://alnaḥaregypt[.]com/t~522148/|Al-Khuraiji: The demands of the Turkish Foreign Ministry for not supporting Riad for the separation of Kurdistan is invalid|
07/25/2017|xn--theguardia-dq2e[.]com|hxxp://theguardiaṇ.com/us-news/2017/july/25/us-house-put-middle-east-parties-on-terrorist-list/index.html|US House of Representatives listed some Middle East’s terrorist parties|https://web.archive.org/web/20170727221924/http://theguardia%E1%B9%87.com/us-news/2017/july/25/us-house-put-middle-east-parties-on-terrorist-list/index.html
07/29/2017|xn--aljaeera-4t0d[.]net|hxxp://xn--aljaeera-4t0d[.]net/news/arabic/2017/7/29/%D8%B1%D8%A6%D9%8A%D8%B3-%D8%A7%D9%84%D8%AA%D8%AD%D8%B1%D9%8A%D8%B1-%D9%84%D8%B5%D8%AD%D9%8A%D9%81%D8%A9-%D8%B1%D9%88%D8%B3%D9%8A%D8%A7-%D8%A7%D9%84%D9%8A%D9%88%D9%85-%D8%A7%D9%84%D8%B1%D8%B4%D8%A7%D9%88%D9%89-%D8%A7%D9%84%D8%B3%D8%B9%D9%88%D8%AF%D9%8A%D8%A9-%D9%84%D9%80%D9%84%D8%B5%D8%AD%D9%81%D9%8A%D9%8A%D9%86-%D8%AC%D8%B1%D9%8A%D9%85%D8%A9/|Qatar's ambassador to Russia, Fahd bin Mohammed al-Attiyah has revealed that Saudi Arabia paid bribes to Russia news agencies to support saudi arabia's position and not publish news against the country|
07/29/2017|xn--emaraalyoum-1b9e[.]com|hxxp://xn--emaraalyoum-1b9e[.]com/local-section/other/2017-07-29-1.1015498/|Shahbaz Salman has been arrested or surrendered to Saheeh-e-Sharif in Karachi. Dubai Press|
07/31/2017|alarabyia[.]org|hxxp://alarabyia[.]org/ar/last-page/2017/07/31/ﺎﻠﻤﻤﻠﻛﺓ-ﺥﺎﻠﻔﺗ-ﺎﻠﻤﺷﺭﻮﻋ-ﺎﻟﺬﻳ-ﻕﺪﻤﺘﻫ-ﺩﻮﻟﺓ-ﺍﻺﻣﺍﺭﺎﺗ-ﻼﺠﺘﻣﺎﻋ-ﺎﻟﺮﺑﺎﻌﻳﺓ-ﺎﻠﻋﺮﺒﻳﺓ.html|Saudi Ambassador to Kuwait: Kingdom bucked the draft submitted by the Quartet meeting Emirates Arabic|
07/31/2017|xn--haarez-m17b[.]com|hxxp://xn--haarez-m17b[.]com/israel-news/1.784329/|The $600 Million Investment of Aliyev's Family Members in Israel|
08/01/2017|xn--alnaaregypt-cm8e[.]com|hxxp://xn--alnaaregypt-cm8e[.]com/t~541873/|A meeting between Marshal Omar al-Bashir and Saudi King Salman bin Abdul Aziz|
08/06/2017|xn--frace24-mkb[.]com|hxxp://xn--frace24-mkb[.]com/ar/20170806-%D8%AD%D8%A7%DA%A9%D9%85-%D8%AF%D8%A8%D9%8A-%D9%84%D8%A7%D8%A8%D8%AF-%D8%A3%D9%86-%D9%86%D8%B6%D8%B9-%D8%A3%D9%8A%D8%AF%D9%8A%D9%86%D8%A7-%D8%A3%D9%8A%D8%AF%D9%8A-%D8%A8%D8%B9%D8%B6/|??|
08/09/2017|theatlatnic[.]com|hxxp://theatlatnic[.]com/international/archive/2017/08/crown-prince-mohammed-bin-salman-appoints-his-brother-as-saudi-fm/538137|Crown Prince Mohammed bin Salman appoints his brother as Saudi FM|
08/10/2017|xn--wa-exs[.]com|hxxp://xn--wa-exs[.]com/ar/details/1395302646136/|Indian Ambassador: China's investment in the port gwadar could not prejudice the interests of the U.A.E|https://webcache.googleusercontent.com/search?q=cache:xn--wa-exs.com/ar/details/1395302646136/&num=1&strip=0&vwsrc=0
08/12/2017|xn--theguardan-4ub[.]com|hxxp://xn--theguardan-4ub[.]com/world/2017/aug/12/former-mi6-chief-admits-defeat-putin-russia-fragmentation-strategic-plan|Former MI6 Chief Admits Defeat to Putin on the Russia Fragmentation Strategic Plan|https://archive.fo/woFnf
??|xn--haarez-m17b[.]com|hxxp://xn--haarez-m17b[.]com/israel-news/1.784415/ |??|
??|bbc-arabic[.]com|hxxp://www[.]bbc-arabic[.]com/world-39986532/|??|
01/28/2017|bbc-arabic[.]com|hxxp://bbc-arabic[.]com/world-39846124/|Head of Saudi General Intelligence: UAE on the verge of coup|https://archive.fo/20170131100208/http://www.bbc-arabic.com/world-39846124/
01/21/2017|bbc-arabic[.]com|hxxp://bbc-arabic[.]com/world-39759452/|Turkey turned its back on recent achievements in Syria and Erdogan turned on the slogan "the departure of Assad"|https://web.archive.org/web/20170129213416/http://bbc-arabic.com:80/world-39759452/
??|breakingisraelnews[.]net|hxxp://breakingisraelnews[.]net/84127/emmanuel-nahshon-russia-share-influence-mideast-should-controllable/#b20Vvx1ZAr9RWO2R.01|??|
??|breakingisraelnews[.]net|hxxp://breakingisraelnews[.]net/83517/sayeret-matkal-digital-fortress-agree-to-sway-iran-poll/#zivJUBPHbYFSxIYu.01|??|
04/23/2017|brusslestimes[.]com|hxxp://brusslestimes[.]com/eu-affairs/9864/trumpt-adopts-isis-francis-hollande|Trump adopts ISIS, Francois Hollande|
04/17/2017|indepnedent[.]co|hxxp://www.indepnedent[.]co/uk/news/world/middle-east/russia-should-shift-policies-saudi-ambassador-to-ukraine-a7692946.html#commentsDiv|Saudi ambassador to Ukraine : Russia should shift policies|
08/24/2017|theatlatnic[.]com|hxxp://theatlatnic[.]com/international/archive/2017/08/john-brennan-the-new-us-strategy-for-gcc-the-ksa-and-the-uae-will-be-superior-to-others/538214/|John Brennan the new US strategy for GCC the KSA and the UAE will be superior to others|
06/25/2017|theguaradian[.]com|hxxp://theguaradian[.]com/us-news/2017/june/25/mohamed-bin-salman-and-saudi-arabia-2030-vision/|Mohamed bin Salman Succession; Beginning of Secularism in Saudi Arabia|
04/18/2017|daylisabah[.]com|hxxp://daylisabah[.]com/arabic/arab-world/2017/04/18/qatar-ambassador-to-iraq-remarks-on-saudi-royal-court-advisor-visit-to-kurdistan-region|Qatari ambassador to Iraq’s statement on Saudi Royal Court advisor’s visit|
??|al-shargh[.]com|hxxp://al-shargh[.]com/news/details/487604/|??|
02/05/2017|al-shargh[.]com|hxxp://al-shargh[.]com/news/details/487528/|UAE allocates free trade zone to attract Saudi investors|https://web.archive.org/web/20170214150959/http://al-shargh.com:80/news/details/487528/ 
05/03/2017|aljlazeera[.]com|hxxp://www.aljlazeera[.]com/news/2017/05/khaliq-abdollah-concern-over-extending-treaty-with-us-170502090291315.html|Khaliq Abdollah concern over extending treaty with US|
05/25/2017|al-jazirah[.]org|hxxp://www.al-jazirah[.]org/news/2017/20170525/109847|??|None
??|elwataannews[.]com|hxxp://www.elwataannews[.]com/news/details/2017182/index.php|??|
03/15/2017|emaratallyoum[.]com|hxxp://emaratallyoum[.]com/local-section/other/2017-03-15-1.979415 |??|None
??|com-users[.]info|hxxp://twitter[.]com-users[.]info/tahagnc/status/693785501598355459/|??|
??|com-users[.]info|hxxp://twitter[.]com-users[.]info/AvichayAdraee/status/8306302971380326409/|??|
??|com-users[.]info|hxxp://twitter[.]com-users[.]info/KSAMOFA/status/833263821787639809/|??|
08/09/2017|Medium|https://medium.com/@baptistelegrand_84914/marine-le-pen-pourquoi-riyad-1b1b9e47b18a |Marine Le Pen : “Pourquoi Riyad ?”|
09/20/2017|theatlatnic[.]com|hxxp://theatlatnic[.]com/international/archive/2017/09/shocking-document-shameful-acts-saudi-emiratis-cover-human-rights-abuses-yemen/549410/|A shocking document shows the shameful acts of Saudis and Emiratis for hiding human rights abuses in Yemen|
10/22/2016|alryiadh[.]com|hxxp://www.alryiadh[.]com/1548496/|Sultan bin Salman: Vision 2030 will put our country at the top of the ranking in the fields of tourism, trade and transportation in the region|https://web.archive.org/web/20161028165950/http://alryiadh.com/1548496/ 
10/16/2016|alryiadh[.]com|hxxp://alryiadh[.]com/1542485/|The Egyptian parliament is considering the withdrawal of its troops from Operation Hazem Al-Hazm and restoring hope|https://web.archive.org/web/20161028170432/http://alryiadh.com/1542485/ 
07/08/2017|al-jazirah[.]org|hxxp://al-jazirah[.]org/news/2017/20170708/112597|The arrival of the Deputy Special Envoy of Syria to Damascus|
07/08/2017|al-jazirah[.]org|hxxp://al-jazirah[.]org/news/2017/20170708/112596|Closing the gate of the unified admission of students Riyadh .. Next Wednesday|
07/08/2017|al-jazirah[.]org|al-jazirah[.]org/news/2017/20170708/112594|Custodian of the Two Holy Mosques congratulates the Argentine President on the anniversary of his country's independence|https://webcache.googleusercontent.com/search?q=cache:qXruIg9b80IJ:al-jazirah.org/news/2017/20170708/112594+&cd=3&hl=en&ct=clnk&gl=ca
07/08/2017|al-jazirah[.]org|al-jazirah[.]org/news/2017/20170708/112595|Thirteen people were killed and 13 injured when a vehicle collided with a vehicle east of China|
07/08/2017|al-jazirah[.]org|al-jazirah[.]org/news/2017/20170708/112593|Video .. The death of a tumbler after falling during a musical festival in Madrid|
06/10/2017|al-jazirah[.]org|www.al-jazirah[.]org/news/2017/20170610/112249|??|
07/26/2017|alarabyia[.]org|hxxp://alarabyia[.]org/ar/last-page/2017/07/27/%D8%A7%D9%84%D8%B3%D9%81%D9%8A%D8%B1-%D8%A7%D9%84%D8%B3%D8%B9%D9%88%D8%AF%D9%8A-%D9%84%D8%AF%D9%89-%D9%88%D8%A7%D8%B4%D9%86%D8%B7%D9%86-%D9%8A%D8%B1%D8%AF-%D8%B9%D9%84%D9%89-%D8%B4%D8%A7%D8%A6%D8%B9%D8%A7%D8%AA-%D9%88%D8%B6%D8%B9-%D8%A7%D9%84%D8%A3%D9%85%D9%8A%D8%B1-%D9%85%D8%AD%D9%85%D8%AF-%D8%A8%D9%86-%D9%86%D8%A7%D9%8A%D9%81-%D9%81%D9%8A-%D8%A7%D9%84%D8%A5%D9%82%D8%A7%D9%85%D8%A9-%D8%A7%D9%84%D8%AC%D8%A8%D8%B1%D9%8A%D8%A9.html|Ambassador Saudi to Washington Yard on rumors put Prince Mohammed Bin Naif in residence algebraic|
10/28/2016|alryiadh[.]com|hxxp://alryiadh[.]com/1538606|Vision 2030 will give us the lead in tourism, trade and shipping in the region|https://web.archive.org/web/20161028165852/http://alryiadh.com/1538606/
09/27/2016|alryiadh[.]com|hxxp://alryiadh[.]com/1587699/|Qatar sought to disrupt Saudi-Turkish relations by spreading rumors about a Saudi presence behind the coup in Turkey|http://web.archive.org/web/20161028170335/http://alryiadh.com/1587699/
??|alryiadh[.]com|alryiadh[.]com/1594373/|??|
06/10/2017|alettehad[.]net|hxxp://alettehad[.]net/details.php_id=34752_y=2017|Mohammed bin Zayed launches a full-scale war in the Gulf and demands Saudi Arabia to block Kuwait and Oman like Qatar|
11/16/2016|breakingisraelnews[.]net|hxxp://breakingisraelnews[.]net/79425/knesset-speaker-acknowledgesIsrael’s-broad-impact-on-azerbaijan|Knesset Speaker acknowledges Israel’s broad impact on Azerbaijan|https://web.archive.org/web/20161124135705/http://breakingisraelnews.net:80/79425/knesset-speaker-acknowledgesIsrael%E2%80%99s-broad-impact-on-azerbaijan 
05/21/2017|foriegnpolicy[.]net|hxxp://foriegnpolicy[.]net/2017/05/21/ivanka-trump-says-its-unbelievable-that-women-cannot-drive-in-saudi-arabia/|Ivanka Trump says its unbelievable that women cannot drive in saudi arabia|
10/16/2017|theatlatnic[.]com|theatlatnic[.]com/international/archive/2017/10/mohammed-bin-salman-to-become-the-saudi-king-and-his-brother-the-crown-prince/543855/|Mohammed bin Salman to become the Saudi King and his brother the Crown Prince|
07/25/2017|com-users[.]info|hxxp://twitter.com-users[.]info/rterdogan_ar/status/874829122911024617/|The UAE is the real reason for prolonging the Qatari crisis and Mohammed bin Zayed pours oil on fire|
11/01/2017|indepnedent[.]co|hxxp://indepnedent[.]co/uk/news/world/middle-east/plot-saudi-crown-prince-royal-family-foiled-intelligence-forces-a8019271.html|Plot against Saudi crown prince devised by royal family members foiled by intelligence forces|http://archive.is/C3CBn
07/01/2018|timesofisraeil[.]com|http://www.timesofisraeil[.]com/prince-william-proposal-to-the-palestinians-accept-israeli-military-and-security-mandate/|Prince William proposal to the Palestinians: Accept Israeli military and security mandate|https://archive.fo/UvHJZ
07/04/2018|breakingisraelnews[.]net|http://www.breakingisraelnews[.]net/110312/worlds-political-leaders-trust-israeli-doctors-yitshak-kreiss/|WORLD'S POLITICAL LEADERS TRUST ISRAELI DOCTORS, YITSHAK KREISS|https://archive.fo/dbvb3
14/11/2018|belfercenter[.]net|https://www.belfercenter[.]net/publication/resignation-or-dismissal-ex-mossad-chief-pardo-say-lieberman-dismissed-by-netanyahu/|Resignation or Dismissal? Ex-Mossad Chief Tamir Pardo Says Lieberman Dismissed by Netanyahu|https://perma.cc/4XSW-GNJT
04/08/2018|emaratalyuom[.]com|http://www.emaratalyuom[.]com/politics/news/2018-08-04-1.1123621/||
??|washnigtonexaminer[.]com|hxxps://www.washnigtonexaminer.com/policy/defense-national-security/saudi-arabia-to-be-an-advanced-economy-by-2030-says-saudi-amb-to-the-us/-||
